datetime,active_leaks,new_leaks,cum_repaired_leaks,daily_emissions_kg,total_daily_cost
2015-01-01 0:00,243,3,0,1391.019025,0
2015-01-02 23:39,246,3,0,1441.036494,0
2015-01-03 23:00,249,4,0,1461.198481,0
2015-01-04 23:14,253,5,0,1464.612942,0
2015-01-05 23:34,258,6,0,1475.964692,0
2015-01-06 23:51,264,2,0,1492.952795,0
2015-01-07 23:11,266,4,0,1496.98588,0
2015-01-08 23:16,270,2,0,1631.469582,0
2015-01-09 23:30,272,3,0,1652.643707,0
2015-01-10 23:50,275,2,0,1658.587652,0
2015-01-11 23:33,277,3,0,1660.27684,0
2015-01-12 23:38,280,1,0,1672.427646,0
2015-01-13 23:59,281,3,0,1672.96035,0
2015-01-14 23:17,284,2,0,1694.189464,0
2015-01-15 23:31,286,0,0,1696.047054,0
2015-01-16 23:17,286,4,0,1696.047054,0
2015-01-17 23:57,290,3,0,1699.49932,0
2015-01-18 23:40,293,3,0,1703.006574,0
2015-01-19 23:19,296,3,0,1716.896401,0
2015-01-20 23:04,299,3,0,1838.265275,0
2015-01-21 23:21,302,5,0,1840.219096,0
2015-01-22 23:50,307,4,0,1854.825496,0
2015-01-23 23:04,311,8,0,1863.493105,0
2015-01-24 23:41,319,3,0,1898.974629,0
2015-01-25 23:12,322,5,0,1903.315307,0
2015-01-26 23:30,327,1,0,1917.536785,0
2015-01-27 23:04,328,5,0,1918.344433,0
2015-01-28 23:20,333,1,0,1986.757374,0
2015-01-29 23:57,334,1,0,1987.013416,0
2015-01-30 23:44,335,5,0,1990.608309,0
2015-01-31 23:02,340,3,0,1997.119326,0
2015-02-01 23:49,343,3,0,2003.687051,0
2015-02-02 23:07,346,5,0,2024.873205,0
2015-02-03 23:47,351,3,0,2039.10843,0
2015-02-04 23:28,354,5,0,2043.223998,0
2015-02-05 23:42,359,3,0,2180.149547,0
2015-02-06 23:18,362,3,0,2187.176085,0
2015-02-07 23:36,365,7,0,2197.376507,0
2015-02-08 23:10,372,5,0,2237.382578,0
2015-02-09 23:26,377,3,0,2247.741093,0
2015-02-10 23:40,380,6,0,2260.062021,0
2015-02-11 23:14,386,2,0,2278.466085,0
2015-02-12 23:43,388,5,0,2279.828776,0
2015-02-13 23:48,393,5,0,2297.450968,0
2015-02-14 23:35,398,4,0,2308.501999,0
2015-02-15 23:22,402,3,0,2322.164997,0
2015-02-16 23:53,405,2,0,2334.200671,0
2015-02-17 23:22,407,4,0,2346.346322,0
2015-02-18 23:40,411,7,0,2351.453407,0
2015-02-19 23:52,418,2,0,2380.236607,0
2015-02-20 23:06,420,4,0,2383.618418,0
2015-02-21 23:23,424,1,0,2388.402443,0
2015-02-22 23:04,425,5,0,2402.402248,0
2015-02-23 23:33,430,4,0,2421.919835,0
2015-02-24 23:18,434,3,0,2425.150428,0
2015-02-25 23:49,437,3,0,2434.742536,0
2015-02-26 23:25,440,2,0,2439.437205,0
2015-02-27 23:39,442,1,0,2454.399314,0
2015-02-28 23:22,443,4,0,2498.785586,0
2015-03-01 23:39,447,0,0,2512.287055,0
2015-03-02 23:13,447,1,0,2512.287055,0
2015-03-03 23:56,448,5,0,2514.873247,0
2015-03-04 23:14,453,3,0,2538.88445,0
2015-03-05 23:31,456,6,0,2557.283359,0
2015-03-06 23:48,462,3,243,2667.142389,54675
2015-03-07 23:05,222,3,246,1284.873457,675
2015-03-08 23:22,222,1,253,1241.485576,1575
2015-03-09 23:36,216,2,258,1218.745988,1125
2015-03-10 23:57,213,1,258,1221.888942,0
2015-03-11 23:09,214,1,266,1222.966379,1800
2015-03-12 23:49,207,3,270,1206.141524,900
2015-03-13 23:54,206,2,270,1082.939118,0
2015-03-14 23:25,208,3,272,1087.965438,450
2015-03-15 23:06,209,5,275,1069.360321,675
2015-03-16 23:23,211,2,280,1093.789095,1125
2015-03-17 23:28,208,3,280,1082.655582,0
2015-03-18 23:15,211,1,281,1107.04827,225
2015-03-19 23:00,211,5,286,1107.087793,1125
2015-03-20 23:37,211,7,286,1109.79771,0
2015-03-21 23:11,218,4,290,1213.834801,900
2015-03-22 23:58,218,1,293,1228.508218,675
2015-03-23 23:34,216,2,293,1225.257006,0
2015-03-24 23:13,218,3,296,1231.322958,675
2015-03-25 23:34,218,4,302,1225.061108,1350
2015-03-26 23:10,216,4,302,1132.685079,0
2015-03-27 23:27,220,1,307,1196.064827,1125
2015-03-28 23:48,216,4,311,1182.895009,900
2015-03-29 23:19,216,4,322,1215.895162,2475
2015-03-30 23:58,209,2,327,1193.970097,1125
2015-03-31 23:36,206,4,327,1186.45897,0
2015-04-01 23:22,210,3,333,1188.098324,1350
2015-04-02 23:34,207,3,334,1244.028807,225
2015-04-03 23:51,209,2,334,1254.301402,0
2015-04-04 23:30,211,1,340,1257.894577,1350
2015-04-05 23:42,206,2,343,1259.217745,675
2015-04-06 23:59,205,5,343,1266.144615,0
2015-04-07 23:11,210,2,351,1283.751342,1800
2015-04-08 23:28,204,5,354,1261.575389,675
2015-04-09 23:49,206,1,354,1267.405921,0
2015-04-10 23:01,207,2,359,1268.882026,1125
2015-04-11 23:21,204,3,362,1138.372983,675
2015-04-12 23:39,204,3,372,1136.721601,2250
2015-04-13 23:56,197,2,372,1107.905751,0
2015-04-14 23:13,199,0,377,1116.485722,1125
2015-04-15 23:27,194,2,386,1106.127207,2025
2015-04-16 23:39,187,2,386,1092.54841,0
2015-04-17 23:25,189,5,388,1106.079092,450
2015-04-18 23:42,192,2,398,1115.229572,2250
2015-04-19 23:49,184,2,398,1087.39321,0
2015-04-20 23:32,186,3,402,1093.584606,900
2015-04-21 23:03,185,2,405,1093.545082,3175
2015-04-22 16:00,184,5,407,1083.262177,2950
2015-04-23 16:00,187,4,411,1077.936855,3400
2015-04-24 16:00,187,4,418,1205.431825,4075
2015-04-25 16:00,184,2,420,1187.400654,2950
2015-04-26 16:14,184,1,424,1186.702983,3400
2015-04-27 16:00,181,3,425,1183.261028,2725
2015-04-28 16:00,183,1,430,1196.966986,3625
2015-04-29 16:00,179,2,434,1187.806196,3400
2015-04-30 16:00,177,2,437,1185.683972,3175
2015-05-01 16:00,176,1,440,1182.439633,3175
2015-05-02 17:05,174,7,442,1183.597834,2950
2015-05-03 16:01,179,1,443,1218.606797,2725
2015-05-04 16:11,179,6,447,1174.483441,3400
2015-05-05 16:00,181,4,447,1173.56066,2500
2015-05-06 16:00,185,4,453,1214.642448,3850
2015-05-07 16:00,183,5,456,1191.584957,3175
2015-05-08 16:00,185,4,463,1206.615802,4075
2015-05-09 16:00,182,4,466,1103.46025,3175
2015-05-10 16:00,183,3,466,1113.701914,2500
2015-05-11 16:00,186,3,470,1126.876887,3400
2015-05-12 16:00,185,6,472,1121.597962,2950
2015-05-13 16:00,189,3,473,1118.467037,2725
2015-05-14 16:00,191,2,474,1128.217239,2725
2015-05-15 16:00,192,4,477,1128.53858,3175
2015-05-16 23:49,193,4,479,1172.429953,2950
2015-05-17 16:14,195,1,481,1163.251978,2950
2015-05-18 16:00,194,3,485,1165.22642,3400
2015-05-19 16:00,193,1,493,1161.655585,4300
2015-05-20 16:00,186,2,495,1129.222503,2950
2015-05-21 16:00,186,1,496,1121.257719,2725
2015-05-22 16:00,186,2,501,1126.285757,3625
2015-05-23 16:00,183,4,508,1104.343508,4075
2015-05-24 16:00,180,4,512,1008.37946,3400
2015-05-25 16:00,180,1,513,991.9635847,2725
2015-05-26 23:54,180,3,515,1050.16923,450
2015-05-27 23:23,181,4,519,1048.667348,900
2015-05-28 23:40,181,6,523,1037.729732,900
2015-05-29 23:01,183,4,527,1022.339741,900
2015-05-30 23:13,183,2,528,964.8077094,225
2015-05-31 23:25,184,5,533,967.0725607,1125
2015-06-01 23:04,184,1,538,929.6612744,1125
2015-06-02 23:50,180,4,540,911.281268,450
2015-06-03 23:07,182,6,545,1784.692436,1125
2015-06-04 23:48,183,5,548,1792.949348,675
2015-06-05 23:05,185,4,551,1683.782833,675
2015-06-06 23:17,186,2,555,1725.179089,900
2015-06-07 23:00,184,5,557,1674.647818,450
2015-06-08 23:45,187,2,560,1678.742766,675
2015-06-09 23:50,186,2,560,1666.944231,2500
2015-06-10 16:21,188,2,564,1683.006116,3400
2015-06-11 16:00,186,5,566,1670.621607,2950
2015-06-12 16:00,189,2,569,1666.024887,3175
2015-06-13 16:00,188,2,570,1658.812762,2725
2015-06-14 16:00,189,3,572,1661.319908,2950
2015-06-15 16:00,190,4,575,1662.364695,3175
2015-06-16 17:58,191,3,578,1666.729431,3175
2015-06-17 16:00,191,2,580,1647.625979,2950
2015-06-18 16:00,191,3,580,1642.537796,2500
2015-06-19 16:00,194,4,582,1644.77859,2950
2015-06-20 23:22,196,3,582,1691.371287,2500
2015-06-21 16:00,199,5,587,1693.904209,3625
2015-06-22 16:00,199,4,589,1699.638509,2950
2015-06-23 16:00,201,5,591,1705.929572,2950
2015-06-24 16:00,204,1,594,1728.693217,3175
2015-06-25 16:00,202,1,600,1717.393018,3850
2015-06-26 16:00,197,6,604,1714.036983,3400
2015-06-27 17:23,199,2,608,1641.353818,3400
2015-06-28 16:00,197,6,612,1754.751034,3400
2015-06-29 16:00,199,3,613,1746.576605,2725
2015-06-30 16:00,201,5,614,1752.938122,2725
2015-07-01 16:00,205,3,616,1755.534625,2950
2015-07-02 16:00,206,1,618,1755.819879,2950
2015-07-03 16:00,205,6,620,1755.223594,2950
2015-07-04 16:00,209,6,620,2629.803274,2500
2015-07-05 16:00,215,3,627,2647.222695,4075
2015-07-06 17:13,211,2,628,2657.792573,2725
2015-07-07 16:00,212,0,633,2663.968503,3625
2015-07-08 16:02,207,2,636,2654.312813,3175
2015-07-09 16:00,206,4,640,2657.679159,3400
2015-07-10 16:00,206,1,644,2702.639377,3400
2015-07-11 16:10,203,2,644,2676.313489,2500
2015-07-12 16:00,205,2,652,2678.954669,4300
2015-07-13 16:00,199,3,654,2662.286189,2950
2015-07-14 16:00,200,4,657,2669.13745,3175
2015-07-15 16:00,201,3,663,2679.202119,3850
2015-07-16 23:55,198,2,664,2671.132513,225
2015-07-17 23:02,199,1,667,2699.305681,675
2015-07-18 23:40,197,5,671,2699.486112,900
2015-07-19 23:21,198,2,675,2668.781741,900
2015-07-20 23:02,196,3,677,2663.463293,450
2015-07-21 23:16,197,3,682,2689.565789,1125
2015-07-22 23:32,195,2,684,2681.566637,450
2015-07-23 23:11,195,2,686,2681.576948,450
2015-07-24 23:29,195,4,687,2689.598439,225
2015-07-25 23:45,198,1,691,2710.777719,900
2015-07-26 23:03,195,4,698,1837.41123,1575
2015-07-27 23:50,192,6,702,1826.471895,900
2015-07-28 23:04,194,1,703,1856.107422,225
2015-07-29 23:45,194,4,706,1801.531038,675
2015-07-30 23:30,195,5,706,1802.175438,0
2015-07-31 23:07,200,5,711,1831.458692,3625
2015-08-01 16:00,200,6,716,1848.443358,3625
2015-08-02 16:00,201,2,720,1850.264862,3400
2015-08-03 16:00,199,4,721,1852.481598,2725
2015-08-04 16:00,202,6,726,1864.297316,3625
2015-08-05 16:08,203,5,727,1866.804462,2725
2015-08-06 16:06,207,6,730,1868.089825,3175
2015-08-07 16:00,210,5,736,1860.886292,3850
2015-08-08 16:00,209,1,740,1870.856449,3400
2015-08-09 23:21,206,5,744,1859.112903,900
2015-08-10 23:02,207,0,745,1841.710666,225
2015-08-11 23:22,206,2,752,1840.370314,1575
2015-08-12 23:07,201,3,754,1811.777857,450
2015-08-13 23:54,202,2,754,1798.67162,0
2015-08-14 23:17,204,3,756,1813.341601,2950
2015-08-15 16:00,205,2,763,1813.99803,4075
2015-08-16 23:50,200,5,766,1809.48723,3175
2015-08-17 16:00,202,2,767,1808.818772,2725
2015-08-18 23:43,203,4,770,1807.756801,675
2015-08-19 23:00,204,2,773,1802.977931,675
2015-08-20 23:23,203,5,774,1804.94378,2725
2015-08-21 16:00,207,5,780,1817.180507,3850
2015-08-22 16:00,206,3,785,1809.366942,3625
2015-08-23 16:00,204,3,785,1771.902385,2500
2015-08-24 23:19,207,2,793,1783.370987,1800
2015-08-25 23:39,201,1,797,1767.767915,900
2015-08-26 23:26,198,6,802,1763.611105,1125
2015-08-27 23:57,199,5,802,1746.373835,0
2015-08-28 23:33,204,2,804,1772.158427,450
2015-08-29 23:19,204,2,810,1775.296225,1350
2015-08-30 23:00,200,8,810,1718.264248,0
2015-08-31 23:12,208,2,817,1781.831301,1575
2015-09-01 23:46,203,2,817,1643.933137,0
2015-09-02 23:33,205,5,825,1666.514632,1800
2015-09-03 23:10,202,2,828,1662.653387,675
2015-09-04 23:49,201,2,829,1654.680011,225
2015-09-05 23:30,202,4,834,1668.75027,1125
2015-09-06 23:17,201,4,839,814.5353485,1125
2015-09-07 23:29,200,5,840,1665.708702,225
2015-09-08 23:08,204,3,844,1724.467672,900
2015-09-09 23:46,203,5,844,1680.990433,0
2015-09-10 23:25,208,0,844,1688.176782,0
2015-09-11 23:42,208,6,846,1688.176782,450
2015-09-12 23:27,212,4,851,1706.135781,1125
2015-09-13 23:45,211,4,853,1665.315188,450
2015-09-14 23:19,213,2,855,1687.40522,450
2015-09-15 23:56,213,2,855,1685.222852,0
2015-09-16 23:32,215,1,861,1701.997873,1350
2015-09-17 23:44,210,2,861,1689.326392,2500
2015-09-18 16:00,212,1,864,1702.229857,3175
2015-09-19 16:00,210,5,866,1700.138564,2950
2015-09-20 16:00,213,4,867,1678.881956,2725
2015-09-21 16:00,216,8,872,1672.979253,3625
2015-09-22 23:00,219,5,877,1687.547848,1125
2015-09-23 23:46,219,2,877,1654.618148,0
2015-09-24 23:22,221,5,880,1655.791816,675
2015-09-25 23:02,223,4,882,1689.88659,2950
2015-09-26 16:10,225,4,884,1709.574299,2950
2015-09-27 17:30,227,2,887,1715.01819,3175
2015-09-28 16:00,226,3,888,1705.087556,2725
2015-09-29 16:00,228,1,892,1708.938491,3400
2015-09-30 23:04,225,6,897,1699.653975,1125
2015-10-01 23:24,226,1,898,1704.967268,225
2015-10-02 23:01,226,2,906,1704.343489,1800
2015-10-03 23:17,220,1,911,1695.711966,1125
2015-10-04 23:00,216,8,918,1671.520331,1575
2015-10-05 23:34,217,2,921,2571.595911,675
2015-10-06 23:46,216,8,925,2558.541227,900
2015-10-07 23:26,220,1,925,2586.77282,2500
2015-10-08 16:00,221,2,931,2589.096097,3850
2015-10-09 16:00,217,4,936,2587.326145,3625
2015-10-10 16:00,216,3,947,2686.194289,4975
2015-10-11 16:39,208,5,947,2660.339243,2500
2015-10-12 16:00,213,4,954,2673.924913,4075
2015-10-13 16:00,210,1,954,2645.667543,2500
2015-10-14 16:00,211,3,954,2645.937332,2500
2015-10-15 16:00,214,3,956,2651.700846,2950
2015-10-16 16:02,215,5,959,2652.958715,3175
2015-10-17 16:00,217,4,960,2693.035239,2725
2015-10-18 16:00,220,3,963,2736.838974,3175
2015-10-19 16:00,220,1,965,2739.731041,2950
2015-10-20 16:00,219,1,970,2735.976337,3625
2015-10-21 16:00,215,5,972,2726.705569,2950
2015-10-22 16:00,218,3,977,2745.083857,3625
2015-10-23 16:00,216,5,982,2749.776807,3625
2015-10-24 16:00,216,2,987,2869.293245,3625
2015-10-25 16:00,213,3,987,2993.047258,2500
2015-10-26 16:00,216,3,994,2999.190538,4075
2015-10-27 17:18,212,3,997,2980.269236,3175
2015-10-28 16:00,212,4,998,2979.576721,2725
2015-10-29 16:00,215,0,1005,3007.739578,4075
2015-10-30 16:00,208,4,1005,2992.593601,2500
2015-10-31 16:00,212,3,1012,3001.553338,4075
2015-11-01 16:00,208,2,1014,3029.183492,2950
2015-11-02 16:00,208,3,1022,3028.332884,4300
2015-11-03 16:00,203,1,1024,2982.738577,2950
2015-11-04 16:00,202,3,1026,2978.054218,2950
2015-11-05 16:00,203,2,1031,2959.158692,3625
2015-11-06 16:00,200,5,1034,2959.713735,3175
2015-11-07 16:00,202,2,1036,3059.827719,2950
2015-11-08 16:00,202,3,1041,3053.459329,3625
2015-11-09 16:00,200,1,1046,3023.552295,3625
2015-11-10 16:00,196,3,1048,2141.275902,2950
2015-11-11 16:00,197,3,1055,2183.924871,4075
2015-11-12 17:11,193,4,1060,2133.474366,1125
2015-11-13 23:28,192,6,1060,2130.530746,0
2015-11-14 23:13,198,3,1067,2145.511758,4075
2015-11-15 16:00,194,3,1072,2124.076436,3625
2015-11-16 16:00,192,4,1075,2114.484327,3175
2015-11-17 16:00,193,4,1077,2115.616753,2950
2015-11-18 16:00,195,3,1078,2157.214062,2725
2015-11-19 16:00,197,4,1080,2159.410177,2950
2015-11-20 16:00,199,3,1082,2159.702305,2950
2015-11-21 16:00,200,2,1083,2150.921281,2725
2015-11-22 16:00,201,5,1088,2169.923348,3625
2015-11-23 16:00,201,5,1092,2190.966874,3400
2015-11-24 16:00,202,2,1099,2224.406938,4075
2015-11-25 16:00,197,3,1104,2188.095428,3625
2015-11-26 16:00,195,4,1104,2182.493444,2500
2015-11-27 16:00,199,3,1106,2195.084161,2950
2015-11-28 16:00,200,2,1110,2201.552218,3400
2015-11-29 16:00,198,5,1117,2239.961895,4075
2015-11-30 17:02,196,3,1119,2226.249063,2950
2015-12-01 16:00,197,3,1122,2230.242625,3175
2015-12-02 16:00,197,3,1125,2236.330916,3175
2015-12-03 16:00,197,4,1132,1345.151492,4075
2015-12-04 16:19,194,3,1133,1360.933278,2725
2015-12-05 16:00,196,1,1134,1363.935323,2725
2015-12-06 16:00,196,3,1135,1362.426567,2725
2015-12-07 16:00,198,4,1142,1362.990203,4075
2015-12-08 16:00,195,2,1146,1351.985569,3400
2015-12-09 16:00,193,0,1154,1371.669841,4300
2015-12-10 16:00,185,7,1155,1322.021828,2725
2015-12-11 16:00,191,2,1159,1340.358874,3400
2015-12-12 16:00,189,2,1163,1334.146858,3400
2015-12-13 16:00,187,1,1166,1268.361351,3175
2015-12-14 16:00,185,2,1168,1276.094151,2950
2015-12-15 16:00,185,0,1176,1264.637579,4300
2015-12-16 16:00,177,6,1178,1240.665899,2950
2015-12-17 16:00,181,0,1181,1263.934753,3175
2015-12-18 16:00,178,5,1181,1258.171239,2500
2015-12-19 16:00,183,1,1187,1271.775812,3850
2015-12-20 16:00,178,4,1190,1314.710036,3175
2015-12-21 16:00,179,3,1192,1274.588833,2950
2015-12-22 16:00,180,1,1194,1273.994267,2950
2015-12-23 16:00,179,3,1195,1271.720823,2725
2015-12-24 16:00,181,2,1200,1280.744142,3625
2015-12-25 16:00,178,3,1203,1273.724478,3175
2015-12-26 16:00,178,2,1208,1272.989003,3625
2015-12-27 16:00,175,2,1211,1133.60786,3175
2015-12-28 16:00,174,3,1215,1017.603832,3400
2015-12-29 16:00,173,3,1218,1033.021316,3175
2015-12-30 16:00,173,2,1221,1009.56172,3175
2015-12-31 16:00,172,5,1223,1011.922801,2950
2016-01-01 16:00,175,1,1223,989.9582123,2500
2016-01-02 16:00,176,2,1227,1034.344484,3400
2016-01-03 16:00,174,4,1232,1026.568724,3625
2016-01-04 16:00,173,2,1233,977.4224841,2725
2016-01-05 16:00,174,3,1236,987.1159785,3175
2016-01-06 16:00,174,3,1237,976.5873417,2725
2016-01-07 16:00,176,0,1240,1031.44898,3175
2016-01-08 16:16,173,2,1241,1027.763012,2725
2016-01-09 16:00,174,5,1246,1027.95891,3625
2016-01-10 16:00,174,3,1248,947.8969352,2950
2016-01-11 16:00,175,4,1252,946.0943337,3400
2016-01-12 16:00,175,3,1253,951.448868,2725
2016-01-13 16:00,177,5,1256,953.081348,3175
2016-01-14 16:00,179,1,1261,925.7381673,3625
2016-01-15 16:00,175,5,1264,907.8960199,3175
2016-01-16 16:00,177,3,1268,988.2002887,3400
2016-01-17 16:00,176,3,1270,1862.46722,2950
2016-01-18 16:00,177,2,1273,1866.914439,3175
2016-01-19 16:00,176,1,1277,1891.478967,3400
2016-01-20 16:53,173,4,1280,1880.132372,3175
2016-01-21 16:36,174,2,1283,1834.099873,3175
2016-01-22 16:00,173,3,1287,1957.216359,3400
2016-01-23 18:00,172,3,1290,1957.759373,3175
2016-01-24 16:00,172,2,1290,1988.475773,2500
2016-01-25 16:00,174,1,1295,1989.541181,3625
2016-01-26 16:00,170,5,1299,1959.795677,3400
2016-01-27 16:00,171,2,1302,1942.762896,3175
2016-01-28 16:00,170,3,1304,1911.458804,2950
2016-01-29 16:00,171,3,1308,1925.030727,3400
2016-01-30 16:00,170,2,1311,1917.468048,3175
2016-01-31 16:00,169,3,1313,1911.458804,2950
2016-02-01 16:00,170,5,1319,1866.283786,3850
2016-02-02 16:00,169,4,1322,1856.490625,3175
2016-02-03 16:00,170,2,1322,1869.64154,2500
2016-02-04 16:00,172,3,1326,1871.468199,3400
2016-02-05 16:00,171,2,1335,1859.836349,4525
2016-02-06 16:00,164,1,1335,1804.268449,2500
2016-02-07 16:00,165,3,1340,1805.596772,3625
2016-02-08 16:00,163,0,1343,1794.064589,3175
2016-02-09 16:00,160,4,1346,1790.608887,3175
2016-02-10 16:00,161,2,1349,1788.993591,3175
2016-02-11 16:00,160,2,1349,1755.895488,2500
2016-02-12 16:00,162,3,1356,1757.787447,4075
2016-02-13 16:00,158,6,1358,1753.910737,2950
2016-02-14 16:26,162,1,1358,1747.593898,2500
2016-02-15 16:00,163,5,1359,1749.478983,2725
2016-02-16 16:14,167,4,1361,1746.92544,2950
2016-02-17 16:00,169,5,1361,1748.420448,2500
2016-02-18 16:00,174,4,1367,1784.235341,3850
2016-02-19 16:02,172,4,1367,1766.991197,2500
2016-02-20 16:00,176,2,1371,1773.436916,3400
2016-02-21 16:00,174,5,1372,1766.843415,2725
2016-02-22 16:00,178,2,1376,1781.31578,3400
2016-02-23 16:00,176,3,1380,1781.50824,3400
2016-02-24 16:00,175,3,1381,1781.176589,2725
2016-02-25 16:00,177,3,1385,1792.064372,3400
2016-02-26 16:00,176,1,1389,1777.530145,3400
2016-02-27 16:00,173,1,1393,1749.157642,3400
2016-02-28 16:00,170,2,1393,1736.510218,2500
2016-02-29 16:00,172,3,1397,1738.391866,3400
2016-03-01 16:00,171,6,1401,1724.826816,3400
2016-03-02 17:38,173,3,1404,1696.246388,3175
2016-03-03 16:00,173,0,1405,1709.352625,2725
2016-03-04 16:00,172,2,1405,1707.885111,2500
2016-03-05 16:00,174,5,1412,1712.163927,4075
2016-03-06 16:00,172,2,1415,1671.465341,3175
2016-03-07 16:00,171,4,1419,1667.683143,3400
2016-03-08 16:15,171,6,1419,1809.770766,2500
2016-03-09 16:00,177,4,1421,1818.237322,2950
2016-03-10 16:00,179,0,1424,1814.08395,3175
2016-03-11 16:00,176,5,1424,1758.926746,2500
2016-03-12 16:00,181,5,1426,1773.933534,2950
2016-03-13 16:00,184,0,1431,1795.124842,3625
2016-03-14 16:00,179,7,1434,1771.10161,3175
2016-03-15 16:00,183,2,1438,1801.305927,3400
2016-03-16 16:47,181,1,1438,1812.102635,2500
2016-03-17 16:00,182,4,1445,1813.472199,4075
2016-03-18 16:00,179,4,1447,1797.520292,2950
2016-03-19 16:00,181,3,1451,1835.988395,3400
2016-03-20 16:00,180,1,1455,1764.949739,3400
2016-03-21 16:00,177,3,1457,881.071796,2950
2016-03-22 16:00,178,1,1457,889.2135753,2500
2016-03-23 16:00,179,1,1458,889.9920105,2725
2016-03-24 16:00,179,1,1461,886.2407434,3175
2016-03-25 16:00,177,4,1463,885.1993929,2950
2016-03-26 16:00,179,3,1466,763.8837898,3175
2016-03-27 16:00,179,2,1469,763.0950443,3175
2016-03-28 16:00,178,5,1473,739.4223659,3400
2016-03-29 16:00,179,3,1475,769.7194762,2950
2016-03-30 16:25,180,4,1475,760.2442186,2500
2016-03-31 16:00,184,3,1479,773.9707978,3400
2016-04-01 16:00,183,3,1483,775.8782218,3400
2016-04-02 16:00,182,4,1487,765.1416585,3400
2016-04-03 16:00,182,1,1490,774.6306633,3175
2016-04-04 17:00,180,3,1493,780.2240553,3175
2016-04-05 16:00,180,6,1498,755.0168456,3625
2016-04-06 16:00,181,5,1502,758.3299208,3400
2016-04-07 16:00,182,4,1504,756.943172,2950
2016-04-08 16:00,184,4,1506,764.6003624,2950
2016-04-09 16:00,186,3,1508,787.8314121,2950
2016-04-10 16:00,187,2,1510,774.9227912,2950
2016-04-11 16:00,187,4,1513,782.0885192,3175
2016-04-12 16:00,188,5,1513,1657.432887,2500
2016-04-13 16:00,193,2,1513,1666.94595,2500
2016-04-14 16:00,195,3,1517,1675.221764,3400
2016-04-15 16:00,194,4,1519,1634.14513,2950
2016-04-16 16:19,196,6,1523,1644.49849,3400
2016-04-17 16:00,198,5,1530,1640.13891,4075
2016-04-18 16:00,196,3,1531,1650.796426,2725
2016-04-19 16:00,198,2,1538,1663.117354,4075
2016-04-20 16:00,193,2,1541,1642.910689,3175
2016-04-21 16:00,192,6,1544,1656.099409,3175
2016-04-22 16:00,195,4,1547,1641.958695,3175
2016-04-23 16:53,196,2,1551,1642.699326,3400
2016-04-24 16:00,194,3,1553,1646.466058,2950
2016-04-25 16:00,195,2,1559,1648.736065,3850
2016-04-26 16:28,191,4,1562,1597.495095,3175
2016-04-27 16:00,192,4,1565,1606.791639,3175
2016-04-28 16:00,193,6,1569,1621.508017,3400
2016-04-29 16:00,195,2,1573,1624.255738,3400
2016-04-30 16:00,193,2,1573,1629.801015,2500
2016-05-01 16:00,195,4,1574,1636.666023,2725
2016-05-02 16:00,198,1,1577,1649.311729,3175
2016-05-03 16:00,196,3,1580,1624.540993,3175
2016-05-04 16:00,196,2,1584,1618.189786,3400
2016-05-05 16:00,194,4,1588,1619.988951,3400
2016-05-06 16:00,194,0,1588,1619.451092,2500
2016-05-07 16:00,194,2,1590,1619.451092,2950
2016-05-08 16:00,194,2,1595,1612.194289,3625
2016-05-09 16:00,191,2,1597,1612.177105,2950
2016-05-10 16:00,191,6,1597,1618.581581,2500
2016-05-11 16:00,197,3,1604,1623.941271,4075
2016-05-12 16:00,193,2,1608,1508.475101,3400
2016-05-13 16:00,191,2,1609,1515.252471,2725
2016-05-14 16:29,192,4,1615,1507.98192,3850
2016-05-15 16:49,190,4,1622,1523.743085,4075
2016-05-16 16:00,187,3,1622,1503.254602,2500
2016-05-17 16:00,190,1,1629,1511.119719,4075
2016-05-18 16:00,184,1,1630,1475.105491,2725
2016-05-19 16:00,184,4,1632,1480.707475,2950
2016-05-20 16:00,186,5,1636,1479.441015,3400
2016-05-21 16:00,187,1,1640,1481.118173,3400
2016-05-22 16:00,184,4,1644,1433.89826,3400
2016-05-23 16:00,184,3,1645,1428.284247,2725
2016-05-24 16:00,186,2,1649,1428.662295,3400
2016-05-25 16:00,184,3,1651,1419.700839,2950
2016-05-26 16:00,185,1,1651,1552.558935,2500
2016-05-27 16:00,186,3,1653,1563.554976,2950
2016-05-28 16:00,187,5,1654,1563.1649,2725
2016-05-29 16:00,191,1,1659,1574.511495,3625
2016-05-30 16:00,187,5,1663,1582.899005,3400
2016-05-31 16:00,188,0,1667,1609.1321,3400
2016-06-01 16:00,184,5,1669,1584.356209,2950
2016-06-02 16:00,187,4,1672,1613.017402,3175
2016-06-03 16:00,188,5,1674,1609.398452,2950
2016-06-04 16:00,191,2,1676,1660.570685,2950
2016-06-05 16:00,191,2,1681,1660.127338,3625
2016-06-06 16:00,188,2,1682,1639.265962,2725
2016-06-07 16:00,189,1,1686,1634.885761,3400
2016-06-08 16:00,186,2,1692,1626.106455,3850
2016-06-09 16:00,182,2,1696,1627.979511,3400
2016-06-10 16:00,180,3,1700,1690.866078,3400
2016-06-11 16:00,179,1,1705,1686.425732,3625
2016-06-12 16:00,175,2,1708,1672.345162,3175
2016-06-13 16:00,174,5,1710,1670.899988,2950
2016-06-14 16:00,177,1,1713,1680.535057,3175
2016-06-15 16:00,175,4,1718,810.7256554,3625
2016-06-16 16:12,174,1,1719,802.2556618,2725
2016-06-17 16:00,174,9,1721,798.9889835,2950
2016-06-18 16:00,181,3,1725,863.3172874,3400
2016-06-19 16:00,180,3,1730,852.8195818,3625
2016-06-20 16:00,178,3,1735,851.5668681,3625
2016-06-21 16:06,176,5,1739,833.6731688,3400
2016-06-22 16:00,177,3,1741,978.8814054,2950
2016-06-23 16:00,178,5,1745,987.1658119,3400
2016-06-24 16:00,179,1,1751,1039.515149,3850
2016-06-25 16:00,174,5,1755,1045.381767,3400
2016-06-26 16:00,175,1,1757,1054.068279,2950
2016-06-27 16:11,174,2,1761,1040.527287,3400
2016-06-28 16:56,172,4,1763,1035.502685,2950
2016-06-29 16:00,174,4,1766,1043.895351,3175
2016-06-30 16:00,175,5,1767,1058.054967,2725
2016-07-01 16:00,179,2,1775,1087.345095,4300
2016-07-02 16:00,173,3,1777,1068.105889,2950
2016-07-03 16:00,174,2,1778,1068.241642,2725
2016-07-04 16:00,175,5,1782,1065.318644,3400
2016-07-05 16:00,176,5,1782,1060.584452,2500
2016-07-06 16:00,181,3,1786,1065.072913,3400
2016-07-07 16:00,180,1,1788,1062.754791,2950
2016-07-08 16:00,179,2,1790,1064.645031,2950
2016-07-09 16:00,179,3,1790,1062.838993,2500
2016-07-10 16:00,182,2,1792,1090.292151,2950
2016-07-11 16:00,182,2,1792,1088.750746,2500
2016-07-12 16:00,184,5,1793,1099.037089,2725
2016-07-13 16:08,188,2,1801,1228.047687,4300
2016-07-14 16:00,182,0,1803,1265.319783,2950
2016-07-15 16:00,180,1,1805,1257.781163,2950
2016-07-16 23:07,179,6,1807,1253.605451,450
2016-07-17 23:53,183,3,1811,1272.387562,900
2016-07-18 23:13,182,2,1816,1351.201978,1125
2016-07-19 23:56,179,0,1819,1376.733966,3175
2016-07-20 16:09,176,3,1821,1368.868849,2950
2016-07-21 16:00,177,4,1822,1350.835959,2725
2016-07-22 16:00,180,2,1826,1332.285831,3400
2016-07-23 16:00,178,2,1831,1332.705121,3625
2016-07-24 16:00,175,2,1832,1328.647978,2725
2016-07-25 16:10,176,6,1837,1330.833783,3625
2016-07-26 16:00,177,1,1840,1336.140202,3175
2016-07-27 16:00,175,3,1840,1333.356394,2500
2016-07-28 16:00,178,1,1845,1343.637581,3625
2016-07-29 16:00,174,3,1846,1198.181895,2725
2016-07-30 16:00,176,2,1846,1196.248695,2500
2016-07-31 16:00,178,2,1848,1198.099412,2950
2016-08-01 16:00,178,4,1853,1200.682167,3625
2016-08-02 16:00,177,3,1854,1225.324023,2725
2016-08-03 23:52,179,2,1858,1213.200711,900
2016-08-04 23:06,177,1,1862,1232.950282,900
2016-08-05 23:20,174,3,1866,1225.308557,900
2016-08-06 23:05,173,2,1869,1236.558922,675
2016-08-07 23:42,172,7,1872,1223.741376,675
2016-08-08 23:03,176,2,1874,1109.9369,450
2016-08-09 23:34,176,2,1876,1113.08329,450
2016-08-10 23:17,176,0,1877,1110.613949,225
2016-08-11 23:00,175,2,1881,1110.3665,900
2016-08-12 23:05,173,4,1884,1099.659149,675
2016-08-13 23:28,174,3,1887,1030.359514,675
2016-08-14 23:45,174,2,1888,1896.384999,225
2016-08-15 23:24,175,0,1889,1897.369642,225
2016-08-16 23:01,174,3,1894,1895.93306,1125
2016-08-17 23:18,172,4,1895,1883.294227,225
2016-08-18 23:56,175,2,1900,1907.92921,1125
2016-08-19 23:32,172,6,1901,1900.247962,225
2016-08-20 23:50,177,4,1910,1919.263776,2025
2016-08-21 23:13,172,4,1910,1861.121712,0
2016-08-22 23:31,176,4,1915,1869.940541,1125
2016-08-23 23:08,175,5,1915,1877.542743,0
2016-08-24 23:29,180,3,1921,1890.621485,1350
2016-08-25 23:46,177,4,1924,1875.929165,675
2016-08-26 23:03,178,7,1928,1925.276458,900
2016-08-27 23:41,181,4,1929,1878.432874,225
2016-08-28 23:28,184,3,1929,1893.927687,0
2016-08-29 23:40,187,4,1933,1902.897735,900
2016-08-30 23:11,187,2,1936,1948.722308,675
2016-08-31 23:23,186,1,1936,1943.737229,0
2016-09-01 23:06,187,3,1940,1944.010455,900
2016-09-02 23:47,186,0,1949,1944.677194,2025
2016-09-03 23:52,177,4,1950,1880.68226,225
2016-09-04 23:57,180,3,1953,1943.933127,675
2016-09-05 23:26,180,4,1955,1951.689984,450
2016-09-06 23:40,182,6,1960,1963.625991,1125
2016-09-07 23:11,183,3,1960,1962.139575,0
2016-09-08 23:28,186,3,1968,1969.341389,1800
2016-09-09 23:48,181,5,1969,1962.577767,225
2016-09-10 23:04,185,2,1969,1956.824563,0
2016-09-11 23:16,187,2,1971,1963.656922,450
2016-09-12 23:21,187,3,1974,2019.757527,675
2016-09-13 23:38,187,2,1976,1996.332298,450
2016-09-14 23:01,187,4,1978,2002.669757,450
2016-09-15 23:19,189,1,1985,1997.825588,1575
2016-09-16 23:31,183,4,1985,1812.363831,0
2016-09-17 23:02,187,4,1985,1822.232602,0
2016-09-18 23:16,191,2,1986,1873.674624,225
2016-09-19 23:33,192,8,1994,1885.974931,1800
2016-09-20 23:45,192,6,1996,1763.959939,450
2016-09-21 23:59,196,4,1996,1739.125623,0
2016-09-22 23:36,200,1,1996,1747.135085,0
2016-09-23 23:10,201,4,1999,1759.483508,675
2016-09-24 23:22,202,4,2005,1809.578304,1350
2016-09-25 23:09,200,4,2007,1792.688151,450
2016-09-26 23:23,202,7,2009,1810.042272,450
2016-09-27 23:59,207,3,2009,1817.678842,0
2016-09-28 23:06,210,2,2015,1824.418407,1350
2016-09-29 23:51,206,3,2015,1818.256224,0
2016-09-30 23:05,209,4,2018,1826.071508,675
2016-10-01 23:22,210,2,2022,1820.058826,900
2016-10-02 23:03,208,1,2024,1816.431284,450
2016-10-03 23:41,207,1,2026,1815.376186,450
2016-10-04 23:59,206,4,2026,1811.965162,0
2016-10-05 23:06,210,3,2030,1816.230231,900
2016-10-06 23:23,209,0,2033,1785.907345,675
2016-10-07 23:06,206,3,2036,1782.296986,675
2016-10-08 23:24,206,4,2036,1744.100391,0
2016-10-09 23:10,210,1,2041,1771.543239,1125
2016-10-10 23:28,206,1,2048,1757.978189,1575
2016-10-11 23:44,200,2,2048,1741.057105,0
2016-10-12 23:24,202,1,2052,1743.454273,900
2016-10-13 23:41,199,5,2052,1739.416033,0
2016-10-14 23:15,204,2,2054,1751.15786,450
2016-10-15 23:36,204,3,2058,1752.084078,900
2016-10-16 23:57,203,3,2061,1753.584241,675
2016-10-17 23:14,203,5,2061,886.5294344,0
2016-10-18 23:19,208,5,2063,952.3372809,450
2016-10-19 23:36,211,1,2066,972.7346889,675
2016-10-20 23:07,209,4,2066,967.2289353,0
2016-10-21 23:14,213,5,2072,976.6148362,1350
2016-10-22 23:32,212,3,2078,948.7286409,1350
2016-10-23 23:37,209,4,2082,933.861044,900
2016-10-24 23:55,209,5,2082,960.4550024,0
2016-10-25 23:12,214,4,2090,981.5002472,1800
2016-10-26 23:48,210,4,2090,1893.309063,0
2016-10-27 23:08,214,2,2098,1899.947242,1800
2016-10-28 23:44,208,4,2102,1875.779665,900
2016-10-29 23:22,208,3,2102,1823.005882,0
2016-10-30 23:07,211,3,2109,1825.958094,1575
2016-10-31 23:12,207,1,2116,1810.714167,1575
2016-11-01 23:19,201,6,2116,1774.134586,0
2016-11-02 23:05,207,8,2120,1842.045754,900
2016-11-03 23:17,211,0,2123,1803.75121,675
2016-11-04 23:56,208,4,2126,1799.989633,675
2016-11-05 23:36,209,2,2126,1822.208545,0
2016-11-06 23:13,211,4,2130,1825.964967,900
2016-11-07 23:52,211,3,2130,1776.999159,0
2016-11-08 23:04,214,0,2137,1789.957613,1575
2016-11-09 23:21,207,3,2137,1763.141981,0
2016-11-10 23:07,210,4,2146,1783.786839,2025
2016-11-11 23:12,205,2,2149,1784.072093,675
2016-11-12 23:58,204,1,2154,1803.57937,1125
2016-11-13 23:27,200,2,2156,1798.19906,450
2016-11-14 23:12,200,3,2158,1794.001009,450
2016-11-15 23:55,201,1,2161,1753.39178,675
2016-11-16 23:38,199,4,2163,1750.869168,450
2016-11-17 23:50,201,1,2167,1903.626336,900
2016-11-18 23:30,198,5,2167,1900.42152,0
2016-11-19 23:50,203,3,2168,1926.558384,225
2016-11-20 9:33,205,6,2172,1938.147274,900
2016-11-21 9:11,207,6,2176,1968.537178,900
2016-11-22 8:42,209,2,2178,1953.222797,450
2016-11-23 9:00,209,2,2186,1936.908308,1800
2016-11-24 8:29,203,2,2192,1936.928929,1350
2016-11-25 9:06,199,3,2196,1924.688765,900
2016-11-26 8:23,198,2,2197,1929.414365,225
2016-11-27 8:37,199,4,2201,1921.922141,900
2016-11-28 10:24,199,5,2205,1875.284765,900
2016-11-29 8:45,200,3,2209,1905.666077,900
2016-11-30 10:32,199,2,2216,1895.962272,1575
2016-12-01 8:46,194,7,2219,1887.062679,675
2016-12-02 10:03,198,4,2221,1894.788605,450
2016-12-03 8:43,200,3,2224,1894.023917,675
2016-12-04 9:29,200,1,2228,1898.967754,900
2016-12-05 9:03,197,5,2230,1900.002231,450
2016-12-06 8:42,200,3,2232,1965.454368,450
2016-12-07 9:03,201,4,2232,1966.82737,0
2016-12-08 8:48,205,2,2239,1974.211335,1575
2016-12-09 9:24,200,3,2239,1961.084477,0
2016-12-10 8:40,203,4,2242,1966.399488,675
2016-12-11 9:17,204,3,2246,1974.943373,900
2016-12-12 8:57,203,3,2246,1954.72296,0
2016-12-13 9:02,206,3,2247,1961.921338,225
2016-12-14 8:40,208,4,2248,1971.771207,225
2016-12-15 10:27,211,2,2251,1989.010195,675
2016-12-16 9:03,210,1,2251,1987.934477,0
2016-12-17 8:37,211,4,2258,1990.341955,1575
2016-12-18 8:44,208,3,2261,1990.202765,675
2016-12-19 10:31,208,3,2261,1994.08463,0
2016-12-20 8:54,211,4,2269,2019.346829,1800
2016-12-21 9:06,207,5,2269,2823.83641,0
2016-12-22 8:37,212,2,2275,2883.633293,1350
2016-12-23 9:00,208,3,2275,2860.275082,0
2016-12-24 8:34,211,4,2284,2879.452426,2025
2016-12-25 9:19,206,1,2284,2937.678691,0
2016-12-26 8:57,207,3,2291,2953.412362,1575
2016-12-27 9:09,203,5,2291,2907.903974,0
2016-12-28 8:26,208,9,2300,2922.864365,2025
2016-12-29 9:43,208,2,2300,1990.886688,0
2016-12-30 8:50,210,6,2304,2002.235002,900
2016-12-31 9:02,212,2,2306,2008.323293,450
2017-01-01 8:20,212,5,2310,1999.822368,900
2017-01-02 8:32,213,1,2316,2008.814755,3850
2017-01-03 16:00,208,1,2317,2002.415434,2725
2017-01-04 16:02,208,3,2323,2004.372692,3850
2017-01-05 16:00,205,3,2331,1945.192714,4300
2017-01-06 16:00,200,4,2331,1938.276154,2500
2017-01-07 16:12,204,4,2335,1982.971738,3400
2017-01-08 16:00,204,5,2337,1959.297341,2950
2017-01-09 16:00,207,4,2341,1961.670452,3400
2017-01-10 17:35,207,3,2344,1955.869133,3175
2017-01-11 16:00,207,1,2344,1948.299581,2500
2017-01-12 16:00,208,5,2347,1949.105511,3175
2017-01-13 16:00,210,6,2351,2820.555984,3400
2017-01-14 16:00,212,5,2353,2817.012643,2950
2017-01-15 16:00,215,4,2354,2802.873648,2725
2017-01-16 16:05,218,4,2356,2811.785271,2950
2017-01-17 16:10,220,3,2359,2816.735981,3175
2017-01-18 16:00,220,5,2359,2811.558442,2500
2017-01-19 16:00,225,1,2365,2814.215088,3850
2017-01-20 16:07,220,0,2366,2649.405063,2725
2017-01-21 16:00,219,5,2366,2647.167706,2500
2017-01-22 16:00,224,2,2375,2661.763795,4525
2017-01-23 23:06,217,4,2382,2580.083088,1575
2017-01-24 23:47,214,2,2388,2549.76192,1350
2017-01-25 23:18,210,4,2390,2522.896455,450
2017-01-26 23:30,212,6,2392,2542.613376,450
2017-01-27 23:47,216,2,2394,2543.008608,450
2017-01-28 23:16,216,2,2398,2540.123415,900
2017-01-29 23:23,214,2,2400,2524.760919,2950
2017-01-30 16:00,214,3,2401,2528.242397,2725
2017-01-31 16:00,216,5,2406,2520.016416,3625
2017-02-01 16:00,216,4,2415,2630.994125,4525
2017-02-02 16:00,211,5,2418,2583.449434,3175
2017-02-03 16:00,213,2,2418,2590.795594,2500
2017-02-04 16:00,215,1,2429,2592.723639,4975
2017-02-05 16:00,205,2,2431,2573.312592,2950
2017-02-06 17:09,205,2,2432,2567.468314,2725
2017-02-07 16:10,206,7,2433,2568.27768,2725
2017-02-08 16:00,212,5,2438,2691.474932,3625
2017-02-09 16:00,212,3,2441,2626.418026,3175
2017-02-10 16:00,212,5,2445,2638.032692,3400
2017-02-11 16:00,213,3,2447,2649.585495,2950
2017-02-12 16:00,214,5,2449,2659.842624,2950
2017-02-13 16:00,217,4,2456,2673.564048,4075
2017-02-14 16:00,214,4,2459,2690.727428,3175
2017-02-15 16:00,215,3,2462,2698.807345,3175
2017-02-16 16:00,215,4,2466,2692.028256,3400
2017-02-17 16:00,215,3,2468,2680.243469,2950
2017-02-18 16:00,216,5,2470,2725.635005,2950
2017-02-19 16:00,219,5,2474,2743.403261,3400
2017-02-20 16:00,220,6,2474,2744.348381,2500
2017-02-21 16:00,226,7,2476,2751.53473,2950
2017-02-22 16:00,231,4,2483,2791.329437,4075
2017-02-23 16:00,228,2,2488,2761.446461,3625
2017-02-24 16:00,225,1,2490,2751.316493,2950
2017-02-25 16:00,224,3,2492,2751.256349,2950
2017-02-26 16:00,225,2,2496,2761.355386,3400
2017-02-27 16:00,223,5,2497,2693.653863,2725
2017-02-28 16:00,227,3,2501,2681.614752,3400
2017-03-01 16:00,226,3,2507,2674.363104,3850
2017-03-02 16:00,223,2,2515,2659.222282,4300
2017-03-03 16:00,217,3,2517,2660.521392,2950
2017-03-04 16:00,218,0,2522,2712.059645,3625
2017-03-05 16:34,213,1,2524,2700.661498,2950
2017-03-06 16:00,212,4,2528,2697.846759,3400
2017-03-07 16:00,212,5,2530,2777.429299,2950
2017-03-08 16:00,215,5,2531,2776.767715,2725
2017-03-09 16:00,219,0,2534,2781.560333,3175
2017-03-10 16:00,216,2,2537,2776.808957,3175
2017-03-11 16:00,215,6,2541,2770.572883,3400
2017-03-12 16:00,217,3,2546,2738.199946,3625
2017-03-13 17:28,215,3,2552,2724.042048,3850
2017-03-14 16:00,212,4,2555,2720.711789,3175
2017-03-15 16:00,213,3,2558,2717.835187,3175
2017-03-16 16:25,213,1,2560,2712.604378,2950
2017-03-17 16:00,212,3,2565,2598.047242,3625
2017-03-18 16:00,210,5,2570,1729.786119,3625
2017-03-19 16:00,210,2,2570,1721.231923,2500
2017-03-20 16:00,212,5,2579,1722.577431,4525
2017-03-21 16:00,208,4,2583,1720.214631,3400
2017-03-22 16:00,208,5,2586,1720.438023,3175
2017-03-23 16:00,210,6,2591,1718.434368,3625
2017-03-24 16:00,211,5,2593,1729.363392,2950
2017-03-25 16:00,214,4,2594,1744.612474,2725
2017-03-26 16:00,217,7,2598,1746.899664,3400
2017-03-27 16:00,220,3,2598,1770.818074,2500
2017-03-28 16:00,223,7,2605,1773.954154,4075
2017-03-29 16:00,223,2,2608,1805.617392,3175
2017-03-30 16:17,222,4,2612,1796.853552,900
2017-03-31 23:29,222,5,2618,1792.083274,1350
2017-04-01 23:08,221,4,2621,1776.530035,675
2017-04-02 23:55,222,5,2625,1781.549482,900
2017-04-03 23:12,223,4,2627,1797.963639,450
2017-04-04 23:32,225,3,2630,1794.550896,675
2017-04-05 23:52,225,3,2634,1797.374228,900
2017-04-06 23:33,224,1,2639,1804.244391,1125
2017-04-07 23:09,220,2,2642,1799.943235,675
2017-04-08 23:46,219,0,2644,1805.194666,450
2017-04-09 23:26,217,8,2645,1803.266621,225
2017-04-10 23:09,224,4,2647,1825.02672,450
2017-04-11 23:14,226,1,2649,1835.16528,2950
2017-04-12 16:00,225,2,2653,1834.072378,3400
2017-04-13 16:00,223,3,2656,1790.05728,3175
2017-04-14 16:00,223,0,2661,1715.647123,3625
2017-04-15 16:00,218,3,2662,1709.551959,2725
2017-04-16 16:00,220,1,2667,1731.638554,3625
2017-04-17 16:00,216,2,2670,1712.975011,3175
2017-04-18 16:00,215,4,2675,1711.138042,3625
2017-04-19 16:00,214,3,2678,1704.365827,3175
2017-04-20 16:00,214,5,2682,1699.636791,3400
2017-04-21 16:00,215,2,2685,1693.861248,3175
2017-04-22 16:00,214,3,2688,1689.743962,3175
2017-04-23 16:00,214,3,2690,1686.307162,2950
2017-04-24 16:00,215,3,2695,1655.143978,3625
2017-04-25 16:30,213,6,2699,1639.707591,3400
2017-04-26 16:10,215,3,2712,1654.865597,5425
2017-04-27 16:00,205,4,2716,1614.0725,3400
2017-04-28 16:00,205,4,2719,766.0713124,3175
2017-04-29 16:00,206,1,2722,773.467306,3175
2017-04-30 16:00,204,2,2725,772.6218532,3175
2017-05-01 16:00,203,1,2726,766.6418211,2725
2017-05-02 16:00,203,2,2730,769.8225795,3400
2017-05-03 16:00,201,3,2735,805.051498,3625
2017-05-04 16:01,199,1,2739,846.4529092,3400
2017-05-05 16:00,196,3,2740,842.254858,2725
2017-05-06 16:00,198,2,2744,855.0981797,3400
2017-05-07 16:00,196,6,2744,793.0897156,2500
2017-05-08 16:00,202,7,2746,824.9866564,2950
2017-05-09 16:00,207,6,2746,847.6867204,2500
2017-05-10 16:00,213,2,2750,857.0777764,3400
2017-05-11 16:00,211,5,2762,768.1333925,5200
2017-05-12 16:00,204,1,2762,744.9951364,2500
2017-05-13 16:00,205,5,2764,748.8477892,2950
2017-05-14 16:00,208,1,2768,1634.600506,3400
2017-05-15 23:43,205,4,2771,1627.977792,675
2017-05-16 23:22,206,2,2774,2496.036144,675
2017-05-17 23:36,205,4,2778,2494.21464,900
2017-05-18 23:05,205,4,2780,2561.81306,450
2017-05-19 23:39,207,0,2781,2576.41946,225
2017-05-20 23:56,206,4,2785,2574.378,3400
2017-05-21 16:10,206,3,2790,2555.166288,3625
2017-05-22 16:52,204,2,2792,2560.751088,2950
2017-05-23 16:00,204,4,2798,2562.971261,3850
2017-05-24 17:38,202,5,2802,2547.320074,3400
2017-05-25 16:14,203,5,2806,2596.486935,3400
2017-05-26 16:00,204,3,2812,2607.821501,3850
2017-05-27 16:09,201,0,2818,2600.363645,3850
2017-05-28 16:00,195,6,2822,2570.405059,3400
2017-05-29 16:00,197,4,2823,2589.037671,2725
2017-05-30 23:37,200,1,2832,2598.246576,2025
2017-05-31 23:22,192,2,2832,2576.732208,0
2017-06-01 23:27,194,5,2840,2597.664039,1800
2017-06-02 23:48,191,2,2840,2555.796941,0
2017-06-03 23:05,193,8,2844,2575.751002,900
2017-06-04 23:22,197,4,2848,2604.573725,3400
2017-06-05 16:00,197,2,2851,2591.163332,3175
2017-06-06 16:00,196,3,2860,2592.953904,4525
2017-06-07 16:00,190,2,2860,2573.81952,2500
2017-06-08 16:00,192,1,2863,2583.487239,3175
2017-06-09 16:00,190,2,2867,2578.160199,3400
2017-06-10 16:00,188,5,2868,2566.997472,2725
2017-06-11 16:00,192,4,2869,3437.284589,2725
2017-06-12 16:00,195,4,2875,3459.757824,3850
2017-06-13 16:00,193,5,2879,3461.505437,3400
2017-06-14 23:39,194,5,2880,3566.427504,225
2017-06-15 23:56,198,0,2882,3581.31744,450
2017-06-16 23:35,196,2,2882,3576.842727,0
2017-06-17 23:14,198,4,2885,3692.930957,675
2017-06-18 23:51,199,6,2885,3704.593738,0
2017-06-19 23:05,205,1,2889,3717.555629,900
2017-06-20 23:26,202,2,2893,3697.237268,3400
2017-06-21 16:00,200,2,2896,3675.403277,3175
2017-06-22 16:00,199,3,2899,3668.383613,3175
2017-06-23 16:00,199,2,2904,3643.611159,3625
2017-06-24 16:00,196,2,2906,3636.942048,2950
2017-06-25 16:00,196,1,2909,3635.579357,3175
2017-06-26 16:00,194,1,2912,3633.378087,3175
2017-06-27 16:00,192,6,2917,3624.447562,3625
2017-06-28 16:00,193,5,2917,3621.581271,2500
2017-06-29 16:00,198,3,2924,3637.323533,4075
2017-06-30 16:00,194,1,2927,3617.164983,3175
2017-07-01 16:00,192,3,2931,3604.519277,3400
2017-07-02 16:00,191,2,2935,3586.59121,3400
2017-07-03 16:00,189,4,2935,3580.918772,2500
2017-07-04 16:00,193,1,2937,3603.555255,2950
2017-07-05 16:00,192,5,2940,3601.709693,3175
2017-07-06 16:00,194,6,2943,3579.198653,3175
2017-07-07 16:00,197,4,2944,3544.01785,2725
2017-07-08 16:00,200,7,2946,3576.499047,2950
2017-07-09 16:00,205,3,2949,3591.076234,3175
2017-07-10 16:00,205,3,2955,2727.532119,3850
2017-07-11 16:00,202,3,2962,2591.213165,4075
2017-07-12 16:00,198,3,2968,2572.077063,3850
2017-07-13 17:05,195,4,2970,2569.703952,2950
2017-07-14 16:00,197,2,2974,2573.43288,3400
2017-07-15 16:00,195,4,2974,2573.869354,2500
2017-07-16 17:15,199,1,2978,2611.916448,3400
2017-07-17 16:00,196,1,2979,2588.41561,2725
2017-07-18 16:00,196,4,2983,2586.918884,3400
2017-07-19 16:00,196,4,2985,1738.146135,2950
2017-07-20 16:00,198,2,2989,1747.330983,3400
2017-07-21 16:00,196,2,2993,1679.404349,3400
2017-07-22 16:00,194,2,2994,1663.935312,2725
2017-07-23 16:30,195,5,2999,1668.841344,3625
2017-07-24 16:00,195,4,3003,1693.562247,3400
2017-07-25 16:00,195,3,3007,1688.152724,3400
2017-07-26 16:00,194,5,3011,1728.488727,3400
2017-07-27 16:00,195,0,3016,1738.223463,3625
2017-07-28 17:56,190,3,3021,1681.248193,3625
2017-07-29 16:00,188,1,3023,1675.551696,2950
2017-07-30 16:00,187,3,3023,1674.304138,2500
2017-07-31 16:00,190,4,3029,1681.767149,3850
2017-08-01 16:00,188,5,3032,1683.985604,3175
2017-08-02 16:00,190,1,3033,1686.296852,2725
2017-08-03 16:00,190,4,3035,1723.584413,2950
2017-08-04 16:00,192,2,3040,1724.314733,3625
2017-08-05 16:00,189,3,3041,1714.971793,2725
2017-08-06 16:00,191,4,3041,1712.007553,2500
2017-08-07 16:00,195,5,3052,1721.802433,4975
2017-08-08 16:00,189,2,3054,1725.742724,2950
2017-08-09 16:00,189,7,3057,1724.718558,3175
2017-08-10 16:00,193,5,3059,1756.330244,2950
2017-08-11 16:00,196,3,3060,1751.865841,2725
2017-08-12 16:00,198,2,3063,1747.222724,3175
2017-08-13 16:00,197,2,3070,1753.524097,4075
2017-08-14 16:00,192,5,3073,870.019047,3175
2017-08-15 16:00,194,2,3077,875.8667622,3400
2017-08-16 16:19,192,3,3082,863.2279302,3625
2017-08-17 16:00,190,2,3087,755.874327,3625
2017-08-18 16:34,187,4,3089,741.7387687,2950
2017-08-19 16:00,189,5,3090,737.1798535,2725
2017-08-20 16:00,193,2,3094,750.7002247,3400
2017-08-21 16:00,191,3,3098,735.9460422,3400
2017-08-22 16:00,190,1,3099,739.5718662,2725
2017-08-23 16:00,190,4,3102,748.2033895,3175
2017-08-24 23:09,191,4,3107,739.3347271,1125
2017-08-25 23:30,190,4,3109,734.4682182,450
2017-08-26 23:10,192,9,3112,733.0539752,675
2017-08-27 23:46,198,6,3115,763.009124,3175
2017-08-28 16:20,201,1,3116,785.992724,2725
2017-08-29 16:00,201,2,3117,781.2069799,2725
2017-08-30 16:00,202,1,3122,778.9232264,3625
2017-08-31 17:09,198,2,3126,772.7507336,3400
2017-09-01 16:00,196,5,3126,767.1470311,2500
2017-09-02 16:00,201,0,3128,775.62218,2950
2017-09-03 16:10,199,7,3130,773.60306,2950
2017-09-04 16:00,204,4,3133,787.0323559,3175
2017-09-05 23:21,205,4,3137,798.3944167,900
2017-09-06 23:58,205,3,3137,788.4672198,0
2017-09-07 23:16,208,7,3142,805.5171846,1125
2017-09-08 23:37,210,2,3143,1663.742852,225
2017-09-09 23:00,211,2,3151,1670.076874,1800
2017-09-10 23:18,205,2,3157,1638.322561,1350
2017-09-11 23:49,201,1,3159,1624.444762,450
2017-09-12 23:01,200,1,3163,1622.594046,900
2017-09-13 23:47,197,3,3166,1620.107521,675
2017-09-14 23:26,197,3,3170,1625.075415,900
2017-09-15 23:03,196,2,3173,1590.021774,675
2017-09-16 23:24,195,1,3175,1587.913297,450
2017-09-17 23:31,194,3,3178,1578.730167,675
2017-09-18 23:52,194,5,3180,1566.239118,450
2017-09-19 23:37,197,2,3180,1606.301895,0
2017-09-20 23:20,199,5,3181,1612.659975,225
2017-09-21 23:34,203,3,3189,1621.41866,1800
2017-09-22 23:51,198,4,3189,1597.550084,0
2017-09-23 23:25,202,5,3192,1602.414874,675
2017-09-24 23:32,204,4,3192,1619.325649,0
2017-09-25 23:15,208,6,3194,1742.658654,450
2017-09-26 23:46,212,4,3202,1753.599706,1800
2017-09-27 23:03,208,6,3202,1743.162145,0
2017-09-28 23:39,214,6,3209,1809.889335,1575
2017-09-29 23:53,213,2,3209,1780.119774,0
2017-09-30 23:33,215,5,3209,1794.475287,0
2017-10-01 23:11,220,3,3213,1817.807723,900
2017-10-02 23:57,219,3,3213,1806.961182,0
2017-10-03 23:02,222,2,3216,2680.85522,675
2017-10-04 23:19,221,2,3225,2679.028561,2025
2017-10-05 23:58,214,2,3225,2646.23977,0
2017-10-06 23:43,216,1,3229,2646.92713,900
2017-10-07 23:57,213,7,3231,2625.524458,450
2017-10-08 23:34,218,9,3234,2632.784698,675
2017-10-09 23:46,224,3,3238,2729.999742,900
2017-10-10 23:23,223,1,3238,2730.707722,0
2017-10-11 23:39,224,3,3245,2738.739524,1575
2017-10-12 23:57,220,1,3252,2681.346682,1575
2017-10-13 23:44,214,1,3252,2638.457137,0
2017-10-14 23:21,215,3,3257,2638.967501,1125
2017-10-15 23:01,213,0,3262,2686.355818,1125
2017-10-16 23:42,208,6,3262,2669.001697,0
2017-10-17 23:49,214,2,3269,2684.231876,1575
2017-10-18 23:30,209,3,3269,2677.277511,0
2017-10-19 23:07,212,3,3271,2711.076721,450
2017-10-20 23:52,213,1,3274,2712.719511,675
2017-10-21 23:26,211,3,3276,2700.022254,450
2017-10-22 23:40,212,1,3280,2707.102062,900
2017-10-23 23:20,209,1,3283,2714.204209,675
2017-10-24 23:05,207,5,3288,2704.165316,1125
2017-10-25 23:36,207,7,3289,2698.247147,225
2017-10-26 23:53,213,4,3289,2847.852769,0
2017-10-27 23:32,217,1,3293,2865.047079,900
2017-10-28 23:11,214,7,3301,2840.781553,1800
2017-10-29 23:56,213,5,3310,2862.18938,2025
2017-10-30 23:08,209,3,3316,2846.33714,1350
2017-10-31 23:51,206,2,3316,2847.222116,0
2017-11-01 23:38,208,4,3317,2880.126039,225
2017-11-02 23:07,211,4,3320,2883.925422,675
2017-11-03 23:36,212,0,3320,2887.656068,0
2017-11-04 23:43,212,5,3327,2887.656068,1575
2017-11-05 23:26,210,2,3327,2906.175265,0
2017-11-06 23:44,212,2,3327,2938.732071,0
2017-11-07 23:18,214,2,3334,2949.069966,1575
2017-11-08 23:03,209,4,3342,2935.992942,1800
2017-11-09 23:46,205,3,3342,2914.621201,0
2017-11-10 23:00,208,2,3352,2918.860494,2250
2017-11-11 23:43,200,3,3354,2026.143101,450
2017-11-12 23:59,201,3,3354,2027.708564,0
2017-11-13 23:06,204,3,3358,2043.540183,900
2017-11-14 23:18,203,5,3358,2046.815453,0
2017-11-15 23:23,208,3,3360,2053.603133,450
2017-11-16 23:44,209,2,3363,2115.819524,675
2017-11-17 23:30,208,6,3366,2105.887172,675
2017-11-18 23:50,211,4,3366,2111.00113,0
2017-11-19 23:19,215,2,3369,2120.271898,675
2017-11-20 23:42,214,7,3369,2117.713201,0
2017-11-21 23:05,221,5,3377,2124.734583,1800
2017-11-22 23:48,218,3,3379,2077.155524,450
2017-11-23 23:08,219,2,3379,2104.502142,0
2017-11-24 23:42,221,2,3387,2114.077066,1800
2017-11-25 23:56,215,1,3387,2098.250602,0
2017-11-26 23:16,216,6,3391,2108.289495,900
2017-11-27 23:30,218,2,3400,2119.634372,2025
2017-11-28 23:46,211,2,3400,1982.865198,0
2017-11-29 23:09,213,6,3410,1984.181492,2250
2017-11-30 23:55,209,1,3410,1987.29867,0
2017-12-01 23:12,210,1,3416,1992.931585,1350
2017-12-02 23:17,205,5,3422,1958.534372,1350
2017-12-03 23:03,204,3,3429,1925.831502,1575
2017-12-04 23:20,200,5,3429,1894.623639,0
2017-12-05 23:05,205,5,3435,1917.172484,1350
2017-12-06 23:52,204,1,3437,1104.752487,450
2017-12-07 23:59,203,7,3439,1105.706199,450
2017-12-08 23:13,208,3,3439,1112.895985,0
2017-12-09 23:31,211,1,3441,1161.633246,450
2017-12-10 23:51,210,3,3449,1165.413726,1800
2017-12-11 23:36,205,2,3458,1158.854593,2025
2017-12-12 23:53,198,4,3458,1055.791835,0
2017-12-13 23:33,202,2,3462,1120.948407,900
2017-12-14 23:50,200,2,3462,1105.744004,0
2017-12-15 23:19,202,3,3466,1110.684404,900
2017-12-16 23:37,201,2,3467,1104.303985,225
2017-12-17 23:51,202,3,3470,1110.512564,675
2017-12-18 23:32,202,2,3470,1077.820004,0
2017-12-19 23:44,204,4,3476,1084.92387,1350
2017-12-20 23:56,202,3,3476,1131.564683,0
2017-12-21 23:25,205,2,3481,2005.085828,1125
2017-12-22 23:59,202,2,3481,1970.350091,0
2017-12-23 9:11,204,4,3484,1978.584664,675
2017-12-24 8:52,205,1,3485,1979.644916,225
2017-12-25 9:35,205,5,3488,1989.795505,675
2017-12-26 9:14,207,5,3489,2055.866267,225
2017-12-27 8:26,211,2,3490,2054.611835,225
2017-12-28 9:11,212,2,3495,2055.386833,1125
2017-12-29 8:25,209,3,3502,2052.833291,1575
2017-12-30 8:59,205,3,3506,1896.737272,900
2017-12-31 9:35,204,4,3507,1885.48347,225
2018-01-01 9:13,207,3,3514,1900.136267,1575
2018-01-02 8:56,203,5,3519,1887.5129,3625
2018-01-03 16:00,203,5,3522,1905.483928,3175
2018-01-04 16:00,205,3,3524,1940.834852,2950
2018-01-05 16:00,206,3,3528,1918.416606,3400
2018-01-06 16:00,205,5,3532,1919.054133,3400
2018-01-07 16:00,206,6,3537,1931.976501,3625
2018-01-08 16:03,207,2,3539,1917.70347,2950
2018-01-09 16:00,207,5,3541,1894.207787,2950
2018-01-10 16:00,210,1,3543,1896.888491,2950
2018-01-11 16:00,209,6,3547,1895.620312,3400
2018-01-12 16:00,211,3,3550,1930.529608,3175
2018-01-13 16:00,211,0,3552,1946.983288,2950
2018-01-14 16:02,209,2,3555,1946.29421,3175
2018-01-15 16:00,208,6,3558,2001.719483,3175
2018-01-16 16:00,211,5,3561,2012.942354,3175
2018-01-17 16:00,213,0,3566,2073.67061,3625
2018-01-18 16:00,208,3,3570,2066.88293,3400
2018-01-19 17:05,207,3,3572,2003.864047,2950
2018-01-20 16:00,208,6,3578,2009.576008,3850
2018-01-21 16:00,208,6,3582,1999.365275,3400
2018-01-22 16:00,210,3,3582,2005.924408,2500
2018-01-23 16:00,213,6,3591,2007.752786,4525
2018-01-24 16:00,210,5,3597,2049.796879,3850
2018-01-25 16:00,209,6,3599,2036.915752,2950
2018-01-26 16:00,213,1,3602,2022.027535,3175
2018-01-27 16:08,211,3,3605,2011.596847,3175
2018-01-28 16:00,211,1,3605,2011.7326,2500
2018-01-29 16:00,212,4,3612,2014.26724,4075
2018-01-30 16:00,209,1,3614,2000.989163,2950
2018-01-31 16:00,208,3,3616,1998.043826,2950
2018-02-01 16:51,209,6,3622,1999.447758,3850
2018-02-02 16:00,209,7,3624,2000.167768,2950
2018-02-03 16:00,214,3,3626,2020.482693,2950
2018-02-04 16:00,215,6,3630,1988.570286,3400
2018-02-05 16:00,217,1,3633,2007.836987,3175
2018-02-06 16:00,215,5,3638,2008.771797,3625
2018-02-07 16:00,215,6,3647,1990.604872,4525
2018-02-08 23:47,212,5,3649,1940.259188,450
2018-02-09 23:10,215,3,3658,1945.471096,2025
2018-02-10 23:17,209,3,3662,1929.438424,900
2018-02-11 23:31,208,2,3662,1878.097787,0
2018-02-12 23:47,210,3,3665,1887.626315,675
2018-02-13 23:59,210,4,3669,1881.816404,900
2018-02-14 23:37,210,3,3674,1902.074622,1125
2018-02-15 23:51,208,3,3676,1803.175547,450
2018-02-16 23:07,209,8,3678,1808.036901,450
2018-02-17 23:36,215,1,3681,1831.450101,3175
2018-02-18 16:00,213,3,3682,1829.487688,2725
2018-02-19 16:00,215,3,3684,1842.123083,2950
2018-02-20 16:00,216,8,3686,1845.049518,2950
2018-02-21 16:00,222,5,3690,1864.974366,3400
2018-02-22 16:00,223,7,3690,1862.762785,2500
2018-02-23 16:00,230,4,3692,1870.086606,2950
2018-02-24 16:00,232,2,3693,1013.249406,2725
2018-02-25 16:00,233,7,3695,1024.157809,2950
2018-02-26 16:00,238,5,3699,1066.75179,3400
2018-02-27 16:00,239,3,3700,1080.389013,2725
2018-02-28 16:00,241,2,3705,1089.228462,3625
2018-03-01 16:00,238,4,3709,1018.523176,3400
2018-03-02 16:00,238,3,3711,1025.63907,2950
2018-03-03 16:00,239,4,3712,1026.338459,2725
2018-03-04 16:00,242,0,3718,1036.380789,3850
2018-03-05 16:00,236,5,3721,1026.257694,3175
2018-03-06 16:00,238,2,3724,1142.070981,3175
2018-03-07 16:00,237,2,3728,1128.454379,3400
2018-03-08 16:00,235,2,3732,1094.357886,3400
2018-03-09 16:00,233,4,3734,1082.14178,2950
2018-03-10 16:00,235,1,3738,1074.319624,3400
2018-03-11 16:00,232,3,3743,1065.413156,3625
2018-03-12 16:00,230,3,3748,1054.418833,3625
2018-03-13 16:01,228,4,3750,1051.867009,2950
2018-03-14 16:00,230,6,3756,1096.511041,3850
2018-03-15 16:00,230,8,3757,1098.280993,2725
2018-03-16 16:00,237,6,3762,1991.402209,3625
2018-03-17 16:00,238,4,3766,1970.252142,3400
2018-03-18 16:00,238,4,3766,1950.863435,2500
2018-03-19 16:00,242,4,3768,1960.898891,2950
2018-03-20 16:00,244,2,3774,1907.025332,3850
2018-03-21 16:00,240,1,3777,1880.783646,3175
2018-03-22 16:00,238,3,3777,1812.812334,2500
2018-03-23 16:00,241,3,3782,1817.476071,3625
2018-03-24 16:00,239,3,3784,1833.208023,2950
2018-03-25 16:00,240,1,3790,1843.248635,3850
2018-03-26 16:00,235,2,3796,1839.09698,3850
2018-03-27 16:00,231,5,3800,1830.89162,3400
2018-03-28 16:02,232,4,3806,1862.145879,3850
2018-03-29 17:27,230,0,3811,1829.644062,3625
2018-03-30 16:00,225,3,3819,1822.196516,4300
2018-03-31 16:00,220,3,3820,1806.086516,2725
2018-04-01 16:00,222,1,3824,1859.250375,3400
2018-04-02 16:00,219,3,3826,1846.738705,2950
2018-04-03 16:00,220,3,3831,1847.266254,3625
2018-04-04 16:00,218,3,3834,1830.090846,3175
2018-04-05 16:00,218,1,3837,1824.543851,3175
2018-04-06 16:00,216,2,3844,1822.653611,4075
2018-04-07 16:14,211,5,3850,1812.707511,3850
2018-04-08 16:00,210,1,3852,2668.087508,2950
2018-04-09 16:00,209,6,3858,2672.356014,3850
2018-04-10 16:00,209,1,3860,2664.972049,2950
2018-04-11 16:00,208,4,3862,2655.125617,2950
2018-04-12 16:00,210,4,3867,2670.993323,3625
2018-04-13 16:00,209,2,3877,2678.523352,4750
2018-04-14 16:00,201,2,3879,2649.905118,2950
2018-04-15 16:00,201,6,3883,2648.375742,3400
2018-04-16 16:00,203,5,3885,3524.385131,2950
2018-04-17 16:00,206,2,3888,3528.407905,3175
2018-04-18 16:00,205,7,3893,3532.420369,3625
2018-04-19 16:00,207,3,3896,3526.483297,3175
2018-04-20 23:22,207,5,3900,3522.723438,900
2018-04-21 23:01,208,4,3906,3563.650571,1350
2018-04-22 23:17,206,2,3907,3564.375735,225
2018-04-23 23:00,207,3,3911,3577.856583,900
2018-04-24 23:12,206,1,3914,3544.064247,675
2018-04-25 23:51,204,2,3920,4400.777723,3850
2018-04-26 16:00,200,3,3924,5255.623297,3400
2018-04-27 16:00,199,2,3931,5206.196958,4075
2018-04-28 16:00,194,5,3934,5203.84275,3175
2018-04-29 16:51,196,3,3936,5197.32314,2950
2018-04-30 16:00,197,5,3941,5201.773796,3625
2018-05-01 16:00,197,3,3947,5167.436727,3850
2018-05-02 16:00,194,1,3949,5150.84042,2950
2018-05-03 16:00,193,2,3951,5138.9405,2950
2018-05-04 16:00,193,6,3951,5139.78939,2500
2018-05-05 16:00,199,5,3956,5174.827566,3625
2018-05-06 16:00,199,1,3959,5173.853233,3175
2018-05-07 16:00,197,3,3962,5172.877182,3175
2018-05-08 16:00,197,3,3962,5175.291534,2500
2018-05-09 16:00,200,3,3967,5181.910811,3625
2018-05-10 16:00,198,3,3970,5067.738596,3175
2018-05-11 16:00,198,2,3971,5074.545179,2725
2018-05-12 16:25,199,2,3975,5081.147271,3400
2018-05-13 16:00,197,4,3975,5079.863626,2500
2018-05-14 16:00,201,3,3979,5097.875895,3400
2018-05-15 16:00,200,1,3981,5102.580875,2950
2018-05-16 16:00,199,2,3985,5105.369838,3400
2018-05-17 16:05,197,3,3991,5055.476094,3850
2018-05-18 16:00,194,1,4000,5043.055498,4525
2018-05-19 16:00,186,4,4006,4139.350657,3850
2018-05-20 16:00,184,3,4010,4130.105665,3400
2018-05-21 16:00,183,2,4012,4132.410039,2950
2018-05-22 16:14,183,2,4017,4142.904308,3625
2018-05-23 16:00,180,5,4019,4130.650398,2950
2018-05-24 16:00,183,5,4020,4132.39801,2725
2018-05-25 23:35,187,4,4026,4217.462247,1350
2018-05-26 23:11,185,3,4027,4168.781694,225
2018-05-27 23:52,187,6,4031,4172.964279,3400
2018-05-28 16:00,189,2,4032,4179.263934,2725
2018-05-29 16:00,190,4,4034,4183.188759,2950
2018-05-30 16:00,192,2,4039,4201.709674,3625
2018-05-31 16:00,189,4,4039,4160.81691,2500
2018-06-01 16:00,193,3,4044,4189.347505,3625
2018-06-02 16:00,191,4,4047,4178.734667,3175
2018-06-03 16:00,192,1,4049,4191.067623,2950
2018-06-04 16:00,191,6,4050,4159.885537,2725
2018-06-05 16:00,196,2,4054,4163.557757,3400
2018-06-06 23:53,194,4,4056,4154.725181,450
2018-06-07 23:30,196,4,4060,4168.233524,900
2018-06-08 23:16,196,5,4062,4237.883713,450
2018-06-09 23:36,199,4,4065,4239.945793,675
2018-06-10 23:16,200,3,4065,4259.813933,0
2018-06-11 23:33,203,5,4069,4281.962391,900
2018-06-12 23:47,204,1,4073,3417.191338,900
2018-06-13 23:26,201,5,4073,3452.961552,0
2018-06-14 23:46,206,1,4076,3463.878548,675
2018-06-15 23:24,204,3,4079,3468.556032,675
2018-06-16 23:10,204,3,4081,3577.700208,450
2018-06-17 23:44,205,3,4083,3575.275546,2950
2018-06-18 16:00,206,3,4089,3575.878704,3850
2018-06-19 16:00,203,1,4094,2703.189264,3625
2018-06-20 16:00,199,4,4094,2692.011072,2500
2018-06-21 16:00,203,6,4096,2703.1085,2950
2018-06-22 16:00,207,3,4103,2712.755597,4075
2018-06-23 16:17,203,3,4106,2703.507168,3175
2018-06-24 16:00,203,3,4111,2699.013552,3625
2018-06-25 16:00,201,2,4115,2652.364148,3400
2018-06-26 16:02,199,8,4117,2631.884256,2950
2018-06-27 16:00,205,4,4120,2630.574836,3175
2018-06-28 16:00,206,2,4121,2637.467338,2725
2018-06-29 16:00,207,3,4123,1769.943408,2950
2018-06-30 16:00,208,2,4126,941.0061508,3175
2018-07-01 16:00,207,2,4128,950.9934916,2950
2018-07-02 16:00,207,1,4135,952.7256388,4075
2018-07-03 16:00,201,5,4140,936.6018916,3625
2018-07-04 16:00,201,3,4143,939.8977828,3175
2018-07-05 16:00,201,2,4145,948.8712676,2950
2018-07-06 16:00,201,3,4147,938.7052132,2950
2018-07-07 16:00,202,3,4147,939.6159652,2500
2018-07-08 16:00,205,2,4156,950.5570179,4525
2018-07-09 16:00,198,2,4157,916.4948931,2725
2018-07-10 16:00,199,3,4161,919.5261507,3400
2018-07-11 16:21,198,9,4164,910.626557,3175
2018-07-12 16:00,204,2,4167,919.5244322,3175
2018-07-13 16:00,203,3,4169,941.5113602,2950
2018-07-14 16:00,204,2,4173,944.0511555,3400
2018-07-15 16:00,202,6,4175,926.6901602,2950
2018-07-16 16:00,206,7,4180,945.7128482,3625
2018-07-17 16:00,208,1,4184,879.1849922,3400
2018-07-18 16:00,205,0,4185,860.6743874,2725
2018-07-19 16:00,204,4,4187,855.0741218,2950
2018-07-20 16:00,206,7,4190,857.2685186,3175
2018-07-21 16:00,210,3,4191,882.6613155,2725
2018-07-22 16:00,212,4,4197,899.5274116,3850
2018-07-23 16:00,210,3,4200,881.8089892,3175
2018-07-24 16:12,210,4,4203,879.46681,3175
2018-07-25 16:00,211,1,4203,867.6201604,2500
2018-07-26 16:00,212,4,4212,868.1752036,4525
2018-07-27 16:00,207,4,4216,860.9046532,3400
2018-07-28 16:00,207,8,4221,802.972234,3625
2018-07-29 16:00,210,3,4224,823.8920356,3175
2018-07-30 23:06,210,1,4229,831.2845925,1125
2018-07-31 23:49,206,7,4231,812.8959941,450
2018-08-01 23:56,211,7,4235,827.6054982,900
2018-08-02 23:32,214,3,4238,873.5228646,3175
2018-08-03 16:00,214,1,4242,874.1707015,3400
2018-08-04 16:00,211,4,4246,843.5436581,3400
2018-08-05 16:00,211,5,4249,842.2136166,3175
2018-08-06 16:00,213,3,4250,834.465351,2725
2018-08-07 16:00,215,2,4255,832.6386919,3625
2018-08-08 23:24,212,7,4257,840.1807496,450
2018-08-09 23:41,217,4,4261,846.660836,900
2018-08-10 23:53,217,3,4267,843.4955433,1350
2018-08-11 23:07,214,6,4272,776.7253929,1125
2018-08-12 23:21,215,4,4276,809.5880746,3400
2018-08-13 16:00,215,4,4276,779.534977,2500
2018-08-14 16:00,219,2,4279,789.6804106,3175
2018-08-15 16:00,218,3,4283,774.0945225,3400
2018-08-16 16:00,217,4,4284,825.2375433,2725
2018-08-17 16:00,220,1,4290,793.2065673,3850
2018-08-18 16:00,215,3,4292,788.0324649,2950
2018-08-19 16:00,216,5,4296,795.1517961,3400
2018-08-20 16:00,217,1,4298,781.8015465,2950
2018-08-21 16:00,216,5,4300,783.8670632,2950
2018-08-22 16:00,219,4,4302,822.7767945,2950
2018-08-23 16:02,221,0,4303,824.5261257,2725
2018-08-24 16:00,220,0,4306,822.1530153,3175
2018-08-25 16:00,217,2,4310,820.1579528,3400
2018-08-26 16:00,215,3,4312,816.1042472,2950
2018-08-27 16:00,216,4,4317,820.0685959,3625
2018-08-28 16:00,215,3,4320,825.6087175,3175
2018-08-29 16:00,215,2,4326,836.0961127,3850
2018-08-30 16:00,211,3,4329,837.7131272,3175
2018-08-31 16:00,211,4,4331,847.4839496,2950
2018-09-01 16:00,213,1,4335,885.8644135,3400
2018-09-02 16:00,210,6,4337,845.6985319,2950
2018-09-03 23:19,214,4,4339,923.2207111,2950
2018-09-04 16:00,216,2,4341,1030.167053,2950
2018-09-05 16:00,216,4,4346,1028.18402,3625
2018-09-06 16:00,215,4,4347,1040.537597,2725
2018-09-07 16:00,218,3,4353,1053.915341,3850
2018-09-08 23:47,215,6,4356,1029.117111,675
2018-09-09 23:25,218,2,4359,1033.33922,675
2018-09-10 23:46,217,4,4363,1023.446391,900
2018-09-11 23:04,217,7,4366,987.1022311,675
2018-09-12 23:51,221,2,4368,999.3853542,450
2018-09-13 23:11,221,5,4378,1003.043828,2250
2018-09-14 23:16,216,2,4381,1009.575466,675
2018-09-15 23:33,215,4,4384,986.7843269,675
2018-09-16 23:45,216,2,4386,986.2980197,450
2018-09-17 23:57,216,3,4389,998.8474949,675
2018-09-18 23:43,216,7,4395,1008.675024,1350
2018-09-19 23:48,217,4,4397,1011.74065,450
2018-09-20 23:02,219,7,4397,1027.598045,0
2018-09-21 23:16,226,2,4402,1045.7117,1125
2018-09-22 23:21,223,4,4402,1033.969873,0
2018-09-23 23:38,227,2,4412,1053.219389,2250
2018-09-24 23:55,219,1,4412,1011.159831,0
2018-09-25 23:12,220,5,4418,1015.615642,1350
2018-09-26 23:41,219,1,4418,1029.713396,0
2018-09-27 23:10,220,2,4423,1030.00896,1125
2018-09-28 23:56,217,5,4427,1034.119373,900
2018-09-29 23:37,218,5,4427,1039.377677,0
2018-09-30 23:06,223,3,4431,1052.635133,900
2018-10-01 23:13,222,1,4438,1059.290496,1575
2018-10-02 23:42,216,4,4440,1048.708589,450
2018-10-03 23:11,218,3,4441,1044.029386,225
2018-10-04 23:28,220,1,4453,1045.050116,2700
2018-10-05 23:42,209,4,4456,959.1438627,675
2018-10-06 23:19,210,3,4456,964.9812676,0
2018-10-07 23:05,213,9,4461,981.92641,1125
2018-10-08 23:43,217,5,4461,1113.550695,0
2018-10-09 23:12,222,1,4469,1122.539645,1800
2018-10-10 23:24,215,3,4469,1113.731127,0
2018-10-11 23:09,218,6,4478,1132.738349,2025
2018-10-12 23:27,215,2,4478,1116.69193,0
2018-10-13 23:01,217,1,4483,1129.401217,1125
2018-10-14 23:37,213,1,4488,1101.014967,1125
2018-10-15 23:23,209,5,4492,1073.726775,900
2018-10-16 23:43,210,3,4496,1059.568877,900
2018-10-17 23:57,209,3,4498,1050.734583,450
2018-10-18 23:40,210,7,4498,1046.997063,0
2018-10-19 23:09,217,5,4501,1063.703348,675
2018-10-20 23:23,219,7,4506,1022.26585,1125
2018-10-21 23:35,221,3,4509,1009.72153,675
2018-10-22 23:49,221,0,4509,1004.466663,0
2018-10-23 23:34,221,6,4514,1004.466663,1125
2018-10-24 23:41,222,7,4514,1013.256279,0
2018-10-25 23:19,229,2,4523,1024.166401,2025
2018-10-26 23:57,222,6,4523,1104.998218,0
2018-10-27 23:18,228,1,4523,1124.211649,0
2018-10-28 23:55,229,5,4523,1125.041636,0
2018-10-29 23:07,234,2,4528,1147.3121,1125
2018-10-30 23:24,231,3,4528,1149.197185,0
2018-10-31 23:02,234,6,4532,1162.805194,900
2018-11-01 23:49,236,4,4535,1162.46667,675
2018-11-02 23:06,237,4,4540,1154.053383,1125
2018-11-03 23:53,236,1,4540,1149.015034,0
2018-11-04 23:05,237,0,4544,1150.295242,900
2018-11-05 23:22,233,3,4545,1110.82875,225
2018-11-06 23:39,235,4,4551,1110.526311,1350
2018-11-07 23:16,233,5,4555,1073.886586,900
2018-11-08 23:32,234,3,4561,981.4572871,1350
2018-11-09 23:55,231,5,4561,950.4436039,0
2018-11-10 23:34,236,4,4565,972.8223271,900
2018-11-11 23:14,236,4,4568,969.8168456,675
2018-11-12 23:48,237,2,4576,972.3257096,1800
2018-11-13 23:33,231,4,4576,973.6935559,0
2018-11-14 23:09,235,3,4587,981.5724198,2475
2018-11-15 23:40,227,4,4587,943.5889063,0
2018-11-16 23:25,231,4,4594,959.0974664,1575
2018-11-17 23:30,228,4,4594,944.4738823,0
2018-11-18 23:47,232,3,4600,950.9024167,1350
2018-11-19 23:33,229,6,4602,947.9880104,450
2018-11-20 23:51,233,2,4605,946.5651752,675
2018-11-21 23:58,232,2,4612,925.4237001,1575
2018-11-22 23:43,227,6,4612,918.1823626,0
2018-11-23 23:06,233,5,4616,938.6914667,900
2018-11-24 23:42,234,2,4625,942.791569,2025
2018-11-25 23:49,227,1,4629,921.7686634,900
2018-11-26 23:25,224,4,4631,906.6570537,450
2018-11-27 23:56,226,6,4632,916.9880745,225
2018-11-28 23:37,231,2,4637,942.5286536,1125
2018-11-29 23:51,228,2,4637,930.951793,0
2018-11-30 23:25,230,5,4638,941.3154634,225
2018-12-01 23:10,234,1,4645,947.1717704,1575
2018-12-02 23:48,228,2,4645,928.5305673,0
2018-12-03 23:11,230,5,4650,936.9386986,1125
2018-12-04 23:18,230,2,4653,969.5023785,675
2018-12-05 23:30,229,2,4654,967.8819273,225
2018-12-06 23:17,230,4,4658,969.8391849,900
2018-12-07 23:00,230,5,4661,972.708913,675
2018-12-08 23:05,232,6,4662,985.808276,225
2018-12-09 23:12,237,1,4669,1016.258324,1575
2018-12-10 23:58,231,2,4669,991.7109798,0
2018-12-11 23:03,233,8,4678,1003.188173,2025
2018-12-12 23:15,232,1,4684,871.6309061,1350
2018-12-13 23:38,227,5,4684,863.984026,0
2018-12-14 23:50,232,3,4687,886.1702884,675
2018-12-15 23:13,232,3,4695,874.6432611,1800
2018-12-16 23:31,227,3,4695,864.4308099,0
2018-12-17 23:02,230,2,4697,876.6606628,450
2018-12-18 23:19,230,6,4702,873.400858,1125
2018-12-19 23:57,231,3,4702,956.1796228,0
2018-12-20 23:11,234,3,4708,962.1166948,1350
2018-12-21 23:34,231,1,4715,965.0104803,1575
2018-12-22 23:19,225,6,4715,949.6325186,0
2018-12-23 23:04,231,3,4720,980.8919331,1125
2018-12-24 23:09,229,5,4727,972.5370723,1575
2018-12-25 23:45,227,4,4730,978.2301315,675
2018-12-26 8:57,228,1,4730,988.464922,0
2018-12-27 11:17,229,1,4736,1019.545623,1350
2018-12-28 9:02,224,3,4743,1011.900461,1575
2018-12-29 8:48,220,2,4745,1008.472253,450
2018-12-30 9:11,220,6,4751,887.4453413,1350
2018-12-31 8:56,220,3,4752,882.2403077,225
2019-01-01 9:41,222,5,4757,882.5118149,1125
2019-01-02 8:53,222,3,4759,927.6369989,2950
2019-01-03 16:00,223,1,4762,919.6103526,3175
2019-01-04 16:00,221,1,4768,914.9895749,3850
2019-01-05 16:00,216,5,4772,908.3685797,3400
2019-01-06 16:00,217,3,4776,923.6932709,3400
2019-01-07 17:54,216,3,4777,911.3396932,2725
2019-01-08 16:00,218,2,4777,915.6081989,2500
2019-01-09 16:00,220,6,4784,917.2698917,4075
2019-01-10 16:00,219,1,4789,869.572263,3625
2019-01-11 16:00,215,6,4792,849.6817831,3175
2019-01-12 16:00,218,2,4797,853.9021736,3625
2019-01-13 16:00,215,5,4801,834.6921801,3400
2019-01-14 16:00,216,4,4805,852.1236297,3400
2019-01-15 16:00,216,7,4807,861.8085321,2950
2019-01-16 16:00,221,6,4811,914.2042666,3400
2019-01-17 16:00,223,3,4814,926.4822346,3175
2019-01-18 16:15,223,1,4819,923.9046346,3625
2019-01-19 16:44,219,6,4823,909.9202953,3400
2019-01-20 16:50,221,2,4827,903.7581128,3400
2019-01-21 16:00,219,6,4827,909.6316041,2500
2019-01-22 16:00,225,0,4837,930.5737449,4750
2019-01-23 16:00,215,5,4839,902.2287368,2950
2019-01-24 16:00,218,2,4841,904.7238535,2950
2019-01-25 16:00,218,2,4847,907.0436935,3850
2019-01-26 16:00,214,3,4853,889.9593606,3850
2019-01-27 16:00,211,3,4855,985.495527,2950
2019-01-28 16:00,212,7,4856,988.7398662,2725
2019-01-29 16:00,218,0,4860,994.4604199,3400
2019-01-30 16:00,214,6,4866,979.0377799,3850
2019-01-31 16:00,214,0,4867,955.7173735,2725
2019-02-01 16:00,213,4,4870,953.1311815,3175
2019-02-02 23:46,214,2,4875,948.8076871,1125
2019-02-03 23:07,211,5,4876,947.0703848,225
2019-02-04 23:52,215,3,4878,982.5072296,450
2019-02-05 23:32,216,4,4883,1006.956625,1125
2019-02-06 23:48,215,1,4885,1006.540772,450
2019-02-07 23:35,214,2,4888,996.8215017,675
2019-02-08 23:11,213,1,4892,1000.437015,900
2019-02-09 23:34,210,4,4897,999.2272615,1125
2019-02-10 23:08,209,2,4903,1012.878231,1350
2019-02-11 23:54,205,3,4904,992.4430186,225
2019-02-12 23:08,207,4,4907,1007.637111,675
2019-02-13 23:26,208,3,4915,1002.758574,4300
2019-02-14 16:00,203,5,4916,989.7090443,2725
2019-02-15 16:00,207,7,4921,995.2474474,3625
2019-02-16 16:00,209,2,4922,982.8698122,2725
2019-02-17 16:00,210,7,4925,990.2451849,3175
2019-02-18 16:00,214,4,4927,1040.845191,2950
2019-02-19 16:00,216,2,4930,1074.895287,3175
2019-02-20 16:00,215,2,4932,1066.189873,2950
2019-02-21 16:00,215,1,4938,1065.791204,3850
2019-02-22 16:00,210,1,4941,973.3979913,3175
2019-02-23 16:00,208,4,4944,971.7139593,3175
2019-02-24 16:00,209,3,4945,1093.842366,2725
2019-02-25 16:00,211,5,4951,1098.404718,3850
2019-02-26 16:00,210,2,4954,1071.826225,3175
2019-02-27 16:00,209,4,4959,1063.483393,3625
2019-02-28 16:00,208,1,4964,1052.044004,3625
2019-03-01 16:00,204,3,4965,1013.862874,2725
2019-03-02 16:00,206,3,4967,1019.622951,2950
2019-03-03 16:00,207,3,4969,1016.272071,2950
2019-03-04 16:14,208,0,4975,1023.19035,3850
2019-03-05 16:04,202,3,4978,1009.181953,3175
2019-03-06 16:00,202,4,4985,1011.065319,4075
2019-03-07 16:00,199,0,4987,939.4492805,2950
2019-03-08 16:00,197,3,4988,937.5556036,2725
2019-03-09 16:05,199,2,4990,954.887386,2950
2019-03-10 16:00,199,5,4996,947.798986,3850
2019-03-11 16:00,198,4,5000,961.0530053,3400
2019-03-12 16:00,198,2,5003,959.2744612,3175
2019-03-13 16:00,197,2,5005,932.1718563,2950
2019-03-14 16:00,197,1,5011,942.5338083,3850
2019-03-15 16:00,192,2,5012,936.5864259,2725
2019-03-16 16:00,193,3,5018,942.1093635,3850
2019-03-17 16:00,190,5,5020,937.8374211,2950
2019-03-18 16:00,193,1,5020,977.8606754,2500
2019-03-19 16:00,194,3,5026,985.2755714,3850
2019-03-20 16:00,191,3,5037,932.3007363,4975
2019-03-21 16:00,183,2,5042,862.9564225,3625
2019-03-22 16:00,180,4,5045,850.7935874,3175
2019-03-23 16:00,181,2,5045,855.225341,2500
2019-03-24 16:00,183,5,5054,855.9161378,4525
2019-03-25 17:14,179,4,5056,851.6493506,2950
2019-03-26 16:00,181,6,5062,841.9867873,3850
2019-03-27 16:00,181,2,5062,838.9125697,2500
2019-03-28 16:00,183,8,5068,839.9900064,3850
2019-03-29 17:34,185,3,5069,850.7368801,2725
2019-03-30 16:00,187,5,5071,868.8591265,2950
2019-03-31 16:00,190,3,5074,872.7375553,3175
2019-04-01 16:00,190,4,5077,814.6556354,3175
2019-04-02 16:00,191,6,5083,834.7712259,3850
2019-04-03 16:00,191,2,5083,836.5343043,2500
2019-04-04 16:00,193,0,5089,840.0656163,3850
2019-04-05 16:00,187,1,5089,833.3896323,2500
2019-04-06 16:00,188,3,5093,839.6858499,3400
2019-04-07 16:00,187,1,5095,909.0095428,2950
2019-04-08 16:42,186,7,5095,905.1551715,2500
2019-04-09 16:00,193,7,5102,921.3751491,4075
2019-04-10 16:00,193,4,5105,915.5411811,3175
2019-04-11 16:00,194,4,5106,945.4482148,2725
2019-04-12 16:07,197,6,5106,949.2561891,2500
2019-04-13 16:00,203,3,5110,958.1798403,3400
2019-04-14 16:00,202,4,5114,948.6684963,3400
2019-04-15 16:00,202,0,5116,914.0771044,2950
2019-04-16 16:00,200,1,5120,903.2391556,3400
2019-04-17 16:00,197,3,5125,886.3679044,3625
2019-04-18 16:00,195,2,5130,752.1316516,3625
2019-04-19 16:00,192,2,5134,762.01417,3400
2019-04-20 16:00,190,4,5139,755.4069221,3625
2019-04-21 16:00,189,2,5141,759.788842,2950
2019-04-22 16:00,189,3,5142,764.961226,2725
2019-04-23 16:00,191,7,5150,761.361178,4300
2019-04-24 16:00,190,1,5153,739.2367781,3175
2019-04-25 16:00,188,7,5156,737.5733669,3175
2019-04-26 16:00,192,5,5156,837.2044805,2500
2019-04-27 16:00,197,7,5159,1710.017645,3175
2019-04-28 16:21,201,4,5162,1713.933879,3175
2019-04-29 16:00,202,11,5165,1720.577213,3175
2019-04-30 16:00,210,4,5169,1798.93969,3400
2019-05-01 16:00,210,1,5173,1816.01715,3400
2019-05-02 16:00,207,4,5179,1806.19993,3850
2019-05-03 16:00,205,3,5180,1785.374641,2725
2019-05-04 16:00,207,3,5183,1780.68169,3175
2019-05-05 16:00,207,3,5190,1778.6093,4075
2019-05-06 16:00,203,1,5193,1770.86619,3175
2019-05-07 16:00,201,4,5193,1757.259898,2500
2019-05-08 16:12,205,3,5196,1795.319021,3175
2019-05-09 16:00,205,0,5200,1804.210023,3400
2019-05-10 16:00,201,1,5201,1791.610714,2725
2019-05-11 16:00,201,1,5203,1781.733351,2950
2019-05-12 16:00,200,4,5203,1777.514679,2500
2019-05-13 16:00,204,5,5209,1794.695242,3850
2019-05-14 16:00,203,2,5212,1770.922897,3175
2019-05-15 16:52,202,4,5215,1763.037159,3175
2019-05-16 16:00,203,2,5217,1763.152292,2950
2019-05-17 16:00,203,7,5219,1753.585959,2950
2019-05-18 16:00,208,4,5221,2656.914471,2950
2019-05-19 16:00,210,1,5224,2661.586801,3175
2019-05-20 16:00,208,0,5229,2660.780871,3625
2019-05-21 16:00,203,2,5230,2617.588887,2725
2019-05-22 17:16,204,2,5230,2615.55602,2500
2019-05-23 16:00,206,1,5234,2620.986164,3400
2019-05-24 16:00,203,3,5236,2614.512951,2950
2019-05-25 16:52,204,3,5239,2619.047809,3175
2019-05-26 16:00,204,1,5241,2608.572442,2950
2019-05-27 16:00,203,2,5244,2608.42466,3175
2019-05-28 16:00,202,7,5248,2602.843297,3400
2019-05-29 16:00,205,3,5248,2615.360122,2500
2019-05-30 16:00,208,4,5256,2626.175732,4300
2019-05-31 16:00,204,7,5263,2641.905966,4075
2019-06-01 16:00,204,7,5266,2669.881518,3175
2019-06-02 16:00,208,6,5271,2676.597025,3625
2019-06-03 16:00,209,2,5275,2690.899268,3400
2019-06-04 16:00,207,0,5279,2661.944228,3400
2019-06-05 16:00,203,2,5279,2636.233527,2500
2019-06-06 16:00,205,6,5287,2640.964282,4300
2019-06-07 16:00,203,5,5287,2660.184586,2500
2019-06-08 16:00,208,3,5289,2666.585626,2950
2019-06-09 16:00,209,4,5295,2665.52881,3850
2019-06-10 17:47,207,3,5296,2554.851821,2725
2019-06-11 16:00,209,1,5303,2559.692554,4075
2019-06-12 16:00,203,5,5309,2547.940417,3850
2019-06-13 16:00,202,5,5313,3406.186705,3400
2019-06-14 16:00,203,4,5318,3368.624199,3625
2019-06-15 16:00,202,3,5323,3363.13563,3625
2019-06-16 16:00,200,3,5327,3366.677252,3400
2019-06-17 17:26,199,4,5330,3339.382186,3175
2019-06-18 16:00,200,5,5330,3341.614388,2500
2019-06-19 17:57,205,3,5331,3361.657806,2725
2019-06-20 16:00,207,3,5332,3364.403809,2725
2019-06-21 17:20,209,6,5333,3373.650519,2725
2019-06-22 16:07,214,5,5335,3392.11129,2950
2019-06-23 16:04,217,4,5338,3406.84657,3175
2019-06-24 16:00,218,4,5338,3415.149879,2500
2019-06-25 16:00,222,2,5342,3418.377035,3400
2019-06-26 16:00,220,1,5349,3409.970622,4075
2019-06-27 16:53,214,4,5349,3379.33155,2500
2019-06-28 16:00,218,1,5356,3515.667687,4075
2019-06-29 16:00,212,1,5361,3421.547482,3625
2019-06-30 16:00,208,0,5368,2549.272177,4075
2019-07-01 16:00,201,3,5369,2536.827524,2725
2019-07-02 16:00,203,2,5381,2542.780062,5200
2019-07-03 16:21,193,2,5381,2518.066033,2500
2019-07-04 16:00,195,2,5386,2524.79185,3625
2019-07-05 16:00,192,0,5388,2511.759505,2950
2019-07-06 16:00,190,2,5395,2508.798701,4075
2019-07-07 16:00,185,5,5398,2494.737034,3175
2019-07-08 16:00,187,3,5403,2503.729421,3625
2019-07-09 16:00,185,3,5404,2494.168244,2725
2019-07-10 16:00,187,2,5409,2496.661642,3625
2019-07-11 16:00,184,2,5410,2455.909786,2725
2019-07-12 16:00,185,5,5412,2452.732465,2950
2019-07-13 16:00,188,4,5413,2452.814948,2725
2019-07-14 16:00,191,4,5415,2459.769313,2950
2019-07-15 16:00,193,7,5419,2468.10699,3400
2019-07-16 16:00,196,0,5424,2337.200996,3625
2019-07-17 16:00,191,3,5425,2332.626616,2725
2019-07-18 16:00,193,3,5430,2335.492907,3625
2019-07-19 16:00,191,5,5434,2325.723803,3400
2019-07-20 16:00,192,5,5441,2318.379361,4075
2019-07-21 16:00,190,2,5445,1419.877835,3400
2019-07-22 16:00,188,2,5446,1408.897259,2725
2019-07-23 16:00,189,2,5448,1404.88995,2950
2019-07-24 16:00,189,10,5450,1408.33706,2950
2019-07-25 16:00,197,6,5454,1422.185646,3400
2019-07-26 16:00,199,3,5454,1452.998276,2500
2019-07-27 16:00,202,4,5456,1474.335649,2950
2019-07-28 16:00,204,6,5459,1631.407719,3175
2019-07-29 16:00,207,3,5461,1633.767082,2950
2019-07-30 16:00,208,3,5463,1630.091425,2950
2019-07-31 16:00,209,2,5469,1654.427406,3850
2019-08-01 16:00,205,2,5471,1665.500775,2950
2019-08-02 16:00,205,2,5475,1665.758535,3400
2019-08-03 16:00,203,5,5481,1626.489658,3850
2019-08-04 16:00,202,2,5485,1634.002503,3400
2019-08-05 16:00,200,5,5491,1626.013662,3850
2019-08-06 16:20,199,2,5494,1613.491681,3175
2019-08-07 16:07,198,5,5494,1581.68066,2500
2019-08-08 16:00,203,2,5496,1592.150871,2950
2019-08-09 16:00,203,2,5502,1709.182503,3850
2019-08-10 16:00,199,5,5507,1692.823335,3625
2019-08-11 23:15,199,3,5510,1738.354062,675
2019-08-12 23:56,199,3,5515,1746.277604,1125
2019-08-13 23:12,197,3,5516,1809.638449,225
2019-08-14 23:50,199,3,5518,1817.098023,450
2019-08-15 23:07,200,2,5523,1816.926184,1125
2019-08-16 23:47,197,0,5528,939.0506122,1125
2019-08-17 23:04,192,7,5531,931.7027337,675
2019-08-18 23:35,196,4,5533,972.5989353,450
2019-08-19 23:49,198,6,5535,975.2624552,450
2019-08-20 23:06,202,6,5540,1009.845255,1125
2019-08-21 23:27,203,0,5545,1128.285975,1125
2019-08-22 23:43,198,1,5548,1108.242558,675
2019-08-23 23:04,196,5,5550,1107.312903,450
2019-08-24 23:21,199,2,5556,1985.829438,1350
2019-08-25 23:04,195,3,5562,1971.19898,1350
2019-08-26 23:50,192,2,5562,1986.587252,0
2019-08-27 23:04,194,3,5568,1998.76899,1350
2019-08-28 23:16,191,3,5568,1997.086676,0
2019-08-29 23:30,194,5,5570,2008.742583,450
2019-08-30 23:01,197,3,5571,2020.86074,225
2019-08-31 23:35,199,0,5575,2040.428161,900
2019-09-01 23:47,195,2,5576,2026.055463,225
2019-09-02 23:59,196,6,5576,2028.612442,0
2019-09-03 23:16,202,2,5579,2112.143866,675
2019-09-04 23:30,201,0,5581,2107.115828,450
2019-09-05 23:50,199,2,5581,2105.249646,0
2019-09-06 23:07,201,1,5585,2108.160615,900
2019-09-07 23:19,198,3,5585,2092.330714,0
2019-09-08 23:36,201,4,5587,2098.920778,450
2019-09-09 23:43,203,5,5587,2124.076436,0
2019-09-10 23:19,208,5,5594,2244.912606,1575
2019-09-11 23:58,206,1,5594,2266.363393,0
2019-09-12 23:12,207,3,5596,2266.633182,450
2019-09-13 23:29,208,3,5598,2265.437175,450
2019-09-14 23:00,209,2,5599,2267.535342,225
2019-09-15 23:18,210,5,5604,2269.966878,1125
2019-09-16 23:04,210,5,5608,3143.982922,900
2019-09-17 23:25,211,3,5612,3141.97755,900
2019-09-18 23:05,210,1,5619,3139.530548,1575
2019-09-19 23:22,204,3,5619,3132.607114,0
2019-09-20 23:29,207,3,5625,3138.874119,1350
2019-09-21 23:14,204,7,5629,3137.263978,900
2019-09-22 23:59,207,5,5633,3181.584951,900
2019-09-23 23:42,208,1,5633,3179.347595,0
2019-09-24 23:23,209,3,5635,3182.208731,450
2019-09-25 23:00,210,0,5637,3183.062775,450
2019-09-26 23:17,208,2,5639,3173.809191,450
2019-09-27 23:04,208,1,5653,3170.448001,3150
2019-09-28 23:47,195,3,5656,3107.082001,675
2019-09-29 23:54,195,2,5656,3089.827547,0
2019-09-30 23:01,197,4,5666,3091.236635,2250
2019-10-01 23:15,191,3,5669,2948.183271,675
2019-10-02 23:33,191,2,5672,2964.963447,675
2019-10-03 23:45,190,5,5674,2936.369271,450
2019-10-04 23:57,193,0,5674,2948.454779,0
2019-10-05 23:09,193,1,5678,2948.454779,900
2019-10-06 23:46,190,4,5678,2946.085105,0
2019-10-07 23:29,194,2,5683,2964.329358,1125
2019-10-08 23:41,191,2,5685,2932.954811,450
2019-10-09 23:19,191,6,5692,2932.672993,1575
2019-10-10 23:37,190,4,5692,2950.430939,0
2019-10-11 23:13,194,3,5699,2959.454257,1575
2019-10-12 23:56,190,1,5699,2849.332311,0
2019-10-13 23:36,191,4,5701,2849.605537,450
2019-10-14 23:50,193,0,5709,2846.618958,1800
2019-10-15 23:10,185,2,5712,2781.409115,675
2019-10-16 23:53,184,4,5712,2723.500753,0
2019-10-17 23:24,188,2,5715,2729.549521,675
2019-10-18 23:40,187,4,5718,2722.39754,675
2019-10-19 23:14,188,3,5720,2727.793316,450
2019-10-20 23:31,189,4,5720,2730.288433,0
2019-10-21 23:09,193,3,5731,2741.820615,2475
2019-10-22 23:46,185,4,5731,2689.586411,0
2019-10-23 23:32,189,4,5737,2713.37594,1350
2019-10-24 23:11,187,1,5743,2807.509892,1350
2019-10-25 23:28,182,3,5744,2672.715159,225
2019-10-26 23:14,184,1,5744,2684.054881,0
2019-10-27 23:31,185,2,5749,2685.262916,1125
2019-10-28 23:00,182,2,5751,1804.137851,450
2019-10-29 23:18,182,1,5756,1797.958484,1125
2019-10-30 23:54,178,3,5756,1751.817726,0
2019-10-31 23:14,181,5,5762,1754.189118,1350
2019-11-01 23:55,180,3,5762,1749.398219,0
2019-11-02 23:34,183,2,5770,1774.248001,1800
2019-11-03 23:50,177,6,5770,1738.685713,0
2019-11-04 23:24,183,5,5772,1769.268078,450
2019-11-05 23:42,186,2,5772,1783.151031,0
2019-11-06 23:21,188,5,5778,1795.104222,1350
2019-11-07 23:06,187,4,5780,1715.110983,450
2019-11-08 23:20,189,4,5782,1721.039463,450
2019-11-09 23:40,191,3,5783,1729.715665,225
2019-11-10 23:20,193,2,5786,1733.985889,675
2019-11-11 23:38,192,1,5790,2640.392055,900
2019-11-12 23:55,189,3,5795,2613.567831,1125
2019-11-13 23:38,187,3,5800,2497.50194,1125
2019-11-14 23:58,185,4,5801,2468.839028,225
2019-11-15 23:29,188,0,5801,2478.72842,0
2019-11-16 23:41,188,5,5807,2478.72842,1350
2019-11-17 23:46,187,4,5807,2483.766769,0
2019-11-18 23:23,191,3,5814,2548.100228,1575
2019-11-19 23:35,187,5,5814,1662.385316,0
2019-11-20 23:21,192,1,5822,1677.139499,1800
2019-11-21 23:33,185,4,5822,1676.044878,0
2019-11-22 23:02,189,2,5826,1696.906254,900
2019-11-23 23:38,187,2,5826,1693.620673,0
2019-11-24 23:01,189,1,5836,1697.129646,2250
2019-11-25 23:42,180,3,5841,1644.914343,1125
2019-11-26 23:59,178,4,5841,1649.098647,0
2019-11-27 23:45,182,7,5842,1666.179543,225
2019-11-28 23:19,188,5,5845,1675.410788,675
2019-11-29 10:39,190,6,5845,1695.854593,0
2019-11-30 8:51,196,1,5847,1743.442244,450
2019-12-01 9:36,195,2,5848,1741.995351,225
2019-12-02 9:22,196,3,5851,1745.770676,675
2019-12-03 8:29,196,6,5853,1750.209303,450
2019-12-04 8:52,200,3,5857,1785.630683,900
2019-12-05 9:04,199,2,5860,1891.008126,675
2019-12-06 8:11,198,3,5862,1885.610631,450
2019-12-07 8:29,199,1,5867,1886.320331,1125
2019-12-08 8:46,195,2,5867,1857.544004,0
2019-12-09 9:00,197,2,5868,1864.305908,225
2019-12-10 8:17,198,4,5872,1867.108619,900
2019-12-11 9:34,198,5,5874,1857.4409,450
2019-12-12 9:05,201,5,5876,1869.449079,450
2019-12-13 8:44,204,3,5882,1898.675627,1350
2019-12-14 9:00,201,3,5889,1909.358919,1575
2019-12-15 9:17,197,3,5889,2744.671441,0
2019-12-16 8:29,200,1,5890,2757.61443,225
2019-12-17 8:52,200,4,5894,2757.755339,900
2019-12-18 9:21,200,3,5896,2753.012555,450
2019-12-19 8:57,201,4,5900,2752.318321,900
2019-12-20 9:42,201,1,5902,2767.158423,450
2019-12-21 11:02,200,2,5906,2768.058865,900
2019-12-22 8:41,198,1,5909,2771.737959,675
2019-12-23 9:26,196,4,5913,2780.800801,900
2019-12-24 10:46,196,2,5916,2776.991108,675
2019-12-25 9:31,195,8,5916,2789.11442,0
2019-12-26 8:36,203,2,5924,2803.057518,1800
2019-12-27 9:22,197,4,5925,2655.854219,225
2019-12-28 8:45,200,1,5925,2670.861006,0
2019-12-29 8:59,201,3,5929,2677.177844,900
2019-12-30 9:17,200,3,5931,2671.43667,450
2019-12-31 8:34,201,2,5933,2681.894852,450
2020-01-01 9:15,201,4,5933,2680.925675,0
2020-01-02 8:33,205,4,5937,2691.246385,3400
2020-01-03 16:00,205,4,5942,2756.203624,3625
2020-01-04 16:00,204,7,5945,2757.172801,3175
2020-01-05 16:00,208,1,5947,2785.835713,2950
2020-01-06 16:00,207,3,5953,2784.7978,3850
2020-01-07 16:00,204,3,5958,2756.502625,3625
2020-01-08 16:00,202,3,5960,2750.434955,2950
2020-01-09 16:00,203,9,5965,2753.612277,3625
2020-01-10 16:00,207,3,5969,2765.812917,3400
2020-01-11 16:00,206,3,5973,2759.415313,3400
2020-01-12 16:00,205,4,5976,2750.665221,3175
2020-01-13 16:21,206,3,5978,2761.980885,2950
2020-01-14 16:00,207,3,5979,1913.395441,2725
2020-01-15 16:00,209,2,5982,1925.303954,3175
2020-01-16 16:00,208,4,5985,1922.582008,3175
2020-01-17 16:00,209,1,5989,1987.339912,3400
2020-01-18 16:00,206,5,5989,1978.648245,2500
2020-01-19 16:00,211,2,5994,1991.976155,3625
2020-01-20 16:00,208,5,5999,1992.28203,3625
2020-01-21 16:00,208,3,6002,1926.864261,3175
2020-01-22 16:00,208,0,6007,2062.294801,3625
2020-01-23 16:00,203,2,6008,2047.540619,2725
2020-01-24 16:00,204,5,6012,2040.964302,3400
2020-01-25 16:00,205,3,6014,2029.466488,2950
2020-01-26 16:00,206,3,6016,2031.327515,2950
2020-01-27 16:00,207,3,6016,2031.867093,2500
2020-01-28 16:00,210,5,6021,2037.104776,3625
2020-01-29 16:00,210,3,6025,2153.153483,3400
2020-01-30 16:41,209,1,6032,2269.011448,4075
2020-01-31 16:00,203,3,6037,2294.466107,3625
2020-02-01 16:00,201,5,6043,2276.632552,3850
2020-02-02 16:09,200,5,6045,3111.072126,2950
2020-02-03 16:00,203,5,6048,3151.940833,3175
2020-02-04 16:00,205,6,6051,3157.171643,3175
2020-02-05 16:00,208,2,6057,3178.421377,3850
2020-02-06 16:00,204,4,6059,3200.886021,2950
2020-02-07 16:58,206,4,6062,3109.611486,3175
2020-02-08 16:00,207,3,6065,3094.446606,3175
2020-02-09 16:00,207,5,6066,3096.917665,2725
2020-02-10 16:00,211,2,6068,3095.804142,2950
2020-02-11 16:00,211,3,6071,3092.566676,3175
2020-02-12 16:00,211,2,6076,3089.78115,3625
2020-02-13 16:00,208,5,6077,3072.593713,2725
2020-02-14 16:00,212,3,6086,3117.581425,4525
2020-02-15 16:00,206,0,6089,3085.303,3175
2020-02-16 16:00,203,2,6090,3040.567892,2725
2020-02-17 16:00,204,1,6096,3902.720104,3850
2020-02-18 16:00,199,3,6097,3027.915313,2725
2020-02-19 16:00,201,2,6101,3030.126894,3400
2020-02-20 16:00,199,1,6104,3032.50516,3175
2020-02-21 16:00,197,2,6104,3019.507182,2500
2020-02-22 16:00,199,5,6109,3031.841857,3625
2020-02-23 16:00,199,1,6111,3052.83555,2950
2020-02-24 16:00,198,2,6112,3037.263409,2725
2020-02-25 16:00,199,1,6116,3037.631147,3400
2020-02-26 16:00,196,5,6120,3031.23698,3400
2020-02-27 16:00,197,4,6127,3028.762484,4075
2020-02-28 16:52,194,2,6129,3024.550686,2950
2020-02-29 16:00,194,4,6133,3028.576897,3400
2020-03-01 16:00,194,3,6133,3023.88051,2500
2020-03-02 16:00,197,1,6138,3080.730337,3625
2020-03-03 16:00,193,1,6140,3069.239396,2950
2020-03-04 16:00,192,2,6142,3067.405863,2950
2020-03-05 16:00,192,6,6146,3124.994602,3400
2020-03-06 16:32,194,2,6150,3128.249252,3400
2020-03-07 16:35,192,7,6155,3061.518625,3625
2020-03-08 16:00,194,3,6162,3070.461178,4075
2020-03-09 16:00,190,3,6164,3022.736055,2950
2020-03-10 16:00,191,1,6168,3049.757895,3400
2020-03-11 16:00,188,2,6170,3052.479841,2950
2020-03-12 16:00,188,3,6174,3047.372756,3400
2020-03-13 16:00,187,3,6174,3034.910919,2500
2020-03-14 16:00,190,3,6188,3042.303476,5650
2020-03-15 16:00,179,4,6191,3054.201677,3175
2020-03-16 16:00,180,3,6194,3056.988922,3175
2020-03-17 16:00,180,0,6197,3047.092656,3175
2020-03-18 16:00,177,1,6200,2982.681869,3175
2020-03-19 16:00,175,6,6202,2974.385434,2950
2020-03-20 16:00,179,6,6205,3036.514186,3175
2020-03-21 16:00,182,4,6209,2921.333271,3400
2020-03-22 16:00,182,4,6213,2863.213546,3400
2020-03-23 16:00,182,2,6214,2863.290874,2725
2020-03-24 16:00,183,2,6221,2870.217744,4075
2020-03-25 16:00,178,1,6222,2862.057063,2725
2020-03-26 16:00,178,5,6222,2734.773456,2500
2020-03-27 16:00,183,2,6223,2744.436019,2725
2020-03-28 16:00,184,3,6229,2750.111895,3850
2020-03-29 16:00,181,5,6232,2742.291456,3175
2020-03-30 16:18,183,2,6234,2742.176323,2950
2020-03-31 16:00,183,2,6236,2745.114787,2950
2020-04-01 16:00,183,4,6240,2753.38201,3400
2020-04-02 16:00,183,2,6243,2760.520243,3175
2020-04-03 16:00,182,2,6244,2634.442954,2725
2020-04-04 16:00,183,3,6246,2610.847603,2950
2020-04-05 16:00,184,0,6250,2619.568483,3400
2020-04-06 16:00,180,3,6254,1746.643623,3400
2020-04-07 17:27,179,6,6260,1700.018275,3850
2020-04-08 16:00,179,5,6266,1714.990695,3850
2020-04-09 16:00,178,2,6270,1679.258285,3400
2020-04-10 16:00,176,2,6273,1605.465034,3175
2020-04-11 16:00,175,11,6277,1584.753159,3400
2020-04-12 16:00,182,3,6282,1632.215367,3625
2020-04-13 16:20,180,7,6287,1636.427165,3625
2020-04-14 23:37,182,1,6289,1652.953018,2950
2020-04-15 16:00,181,2,6293,1652.353296,3400
2020-04-16 16:00,179,4,6294,1655.088989,2725
2020-04-17 16:00,182,2,6298,2544.592973,3400
2020-04-18 16:00,180,4,6300,2494.871069,2950
2020-04-19 16:02,182,3,6300,2496.517297,2500
2020-04-20 16:00,185,4,6302,2513.766596,2950
2020-04-21 17:08,187,3,6303,1652.69354,2725
2020-04-22 16:00,189,3,6308,1655.628567,3625
2020-04-23 16:00,187,4,6311,1654.020145,3175
2020-04-24 16:00,188,1,6312,1715.013034,2725
2020-04-25 16:00,188,2,6313,1715.547457,2725
2020-04-26 16:00,189,3,6318,1721.718231,3625
2020-04-27 16:00,187,6,6320,1695.617454,2950
2020-04-28 16:00,191,6,6321,1693.125774,2725
2020-04-29 16:00,196,5,6325,1708.912715,3400
2020-04-30 16:00,197,3,6331,1699.473543,3850
2020-05-01 16:00,194,5,6333,1728.786011,2950
2020-05-02 16:00,197,2,6335,1726.433521,2950
2020-05-03 16:00,197,3,6335,1721.37627,2500
2020-05-04 16:00,200,5,6339,1728.576366,3400
2020-05-05 16:00,201,3,6340,1704.54626,2725
2020-05-06 16:00,203,5,6342,1706.783617,2950
2020-05-07 16:00,206,5,6344,1713.801563,2950
2020-05-08 16:00,209,3,6349,1663.586478,3625
2020-05-09 16:00,207,5,6351,1661.935096,2950
2020-05-10 16:00,210,4,6358,1671.470497,4075
2020-05-11 16:00,207,6,6361,1702.228139,3175
2020-05-12 16:00,210,3,6364,1723.732197,3175
2020-05-13 16:00,210,4,6367,1733.545979,3175
2020-05-14 16:00,211,4,6370,1720.204322,3175
2020-05-15 16:00,212,6,6372,1762.126408,2950
2020-05-16 16:00,216,4,6375,1804.737573,3175
2020-05-17 16:00,217,3,6378,1812.564885,3175
2020-05-18 16:00,217,2,6381,1770.702942,3175
2020-05-19 16:22,216,3,6383,1773.665464,2950
2020-05-20 16:00,217,2,6383,1783.790277,2500
2020-05-21 16:00,219,3,6386,1814.437941,3175
2020-05-22 16:00,219,2,6391,1805.72909,3625
2020-05-23 16:00,216,3,6396,1754.06883,3625
2020-05-24 16:00,214,3,6400,1758.571038,3400
2020-05-25 16:00,213,2,6404,1759.746424,3400
2020-05-26 16:00,211,0,6406,1748.738354,2950
2020-05-27 16:00,209,3,6407,1744.433762,2725
2020-05-28 16:00,211,3,6410,1797.580437,3175
2020-05-29 16:00,211,1,6415,1805.165454,3625
2020-05-30 23:21,207,6,6415,1799.738747,0
2020-05-31 23:39,213,4,6419,1804.608693,900
2020-06-01 23:59,213,3,6425,1810.06805,1350
2020-06-02 23:11,210,3,6426,1809.985567,225
2020-06-03 23:27,212,4,6428,1818.378232,2950
2020-06-04 16:00,214,2,6433,1812.542546,3625
2020-06-05 16:00,211,6,6434,1785.872978,2725
2020-06-06 16:00,216,1,6435,1817.830062,2725
2020-06-07 16:00,216,6,6438,1820.051954,3175
2020-06-08 16:00,219,2,6438,1861.530693,2500
2020-06-09 16:00,221,4,6441,1862.10292,3175
2020-06-10 16:00,222,4,6448,1879.866021,4075
2020-06-11 16:00,219,2,6453,1874.605998,3625
2020-06-12 16:00,216,4,6457,1872.49924,3400
2020-06-13 16:00,216,1,6457,1839.365051,2500
2020-06-14 16:00,217,4,6459,1841.777685,2950
2020-06-15 16:00,219,4,6470,1860.698987,4975
2020-06-16 16:00,212,3,6473,1812.779685,3175
2020-06-17 16:00,212,3,6480,1849.364421,4075
2020-06-18 16:00,208,5,6483,1881.319787,3175
2020-06-19 16:00,210,4,6488,1888.012955,3625
2020-06-20 16:00,209,3,6490,1020.621342,2950
2020-06-21 16:00,210,2,6494,1027.213125,3400
2020-06-22 16:00,208,0,6497,1011.965761,3175
